Pipeline_File,Reference_File,Status,Quarter,Excel_Column,Column_Code,Section,Category,Metric,Column_Description,Pipeline_Value,Reference_Value,Difference,Source_File,Source_Value,Pipeline_Correct,Reference_Correct,Verification_Note
SIFA_DATA.csv,SIFA_DATA_20250212.xlsx,MISSING,2024-Q3,12,SWEPENFND.ALLTYPES.SWEHOUSEHOLD.NETSAVINGSUM.Q,All types of funds,Swedish households,Net savings sum,"All types of funds: Swedish households, direct inv.: Net savings sum",,-10373.5,,fund-saving-by-category-2024.xlsx,,,,
SIFA_DATA.csv,SIFA_DATA_20250212.xlsx,MISSING,2024-Q3,13,SWEPENFND.ALLTYPES.ISK.NETSAVINGSUM.Q,All types of funds,ISK,Net savings sum,All types of funds: ISK (Investment Savings Account): Net savings sum,,24972.11,,fund-saving-by-category-2024.xlsx,,,,
SIFA_DATA.csv,SIFA_DATA_20250212.xlsx,MISSING,2024-Q3,14,SWEPENFND.ALLTYPES.IPS.NETSAVINGSUM.Q,All types of funds,IPS,Net savings sum,All types of funds: IPS (Individual Pension Saving): Net savings sum,,-3669.67,,fund-saving-by-category-2024.xlsx,,,,
SIFA_DATA.csv,SIFA_DATA_20250212.xlsx,MISSING,2024-Q3,15,SWEPENFND.ALLTYPES.UNITLINK.NETSAVINGSUM.Q,All types of funds,Unit linked,Net savings sum,All types of funds: Unit linked: Net savings sum,,28134.86,,fund-saving-by-category-2024.xlsx,,,,
SIFA_DATA.csv,SIFA_DATA_20250212.xlsx,MISSING,2024-Q3,16,SWEPENFND.ALLTYPES.PREMPENSSAVING.NETSAVINGSUM.Q,All types of funds,Premium Pension,Net savings sum,All types of funds: Premium Pension Savings: Net savings sum,,-16377.4,,fund-saving-by-category-2024.xlsx,,,,
SIFA_DATA.csv,SIFA_DATA_20250212.xlsx,MISSING,2024-Q3,17,SWEPENFND.ALLTYPES.NOMINEEACC.NETSAVINGSUM.Q,All types of funds,Nominee Accounts,Net savings sum,All types of funds: Nominee Accounts: Net savings sum,,48725.42,,fund-saving-by-category-2024.xlsx,,,,
SIFA_DATA.csv,SIFA_DATA_20250212.xlsx,MISSING,2024-Q3,18,SWEPENFND.ALLTYPES.NONPROFINST.NETSAVINGSUM.Q,All types of funds,Non profit inst.,Net savings sum,All types of funds: Non profit institutions serving households: Net savings sum,,627.17,,fund-saving-by-category-2024.xlsx,,,,
SIFA_DATA.csv,SIFA_DATA_20250212.xlsx,MISSING,2024-Q3,19,SWEPENFND.ALLTYPES.SWECORP.NETSAVINGSUM.Q,All types of funds,Swedish corporations,Net savings sum,All types of funds: Swedish corporations: Net savings sum,,28877.68,,fund-saving-by-category-2024.xlsx,,,,
SIFA_DATA.csv,SIFA_DATA_20250212.xlsx,MISSING,2024-Q3,20,SWEPENFND.ALLTYPES.OTHERS.NETSAVINGSUM.Q,All types of funds,Others,Net savings sum,All types of funds: Others: Net savings sum,,13602.06,,fund-saving-by-category-2024.xlsx,,,,
SIFA_DATA.csv,SIFA_DATA_20250212.xlsx,MISSING,2024-Q3,21,SWEPENFND.ALLTYPES.TOTAL.NETSAVINGSUM.Q,All types of funds,TOTAL,Net savings sum,All types of funds: TOTAL: Net savings sum,,114518.7,,fund-saving-by-category-2024.xlsx,,,,
SIFA_DATA.csv,SIFA_DATA_20250212.xlsx,MISSING,2024-Q3,22,SWEPENFND.ALLTYPES.SWEHOUSEHOLD.NETSAVINGPERC.Q,All types of funds,Swedish households,Net savings %,"All types of funds: Swedish households, direct inv.: Net savings %",,-9.05834434754423,,fund-saving-by-category-2024.xlsx,,,,
SIFA_DATA.csv,SIFA_DATA_20250212.xlsx,MISSING,2024-Q3,23,SWEPENFND.ALLTYPES.ISK.NETSAVINGPERC.Q,All types of funds,ISK,Net savings %,All types of funds: ISK (Investment Savings Account): Net savings %,,21.8061378960575,,fund-saving-by-category-2024.xlsx,,,,
SIFA_DATA.csv,SIFA_DATA_20250212.xlsx,MISSING,2024-Q3,24,SWEPENFND.ALLTYPES.IPS.NETSAVINGPERC.Q,All types of funds,IPS,Net savings %,All types of funds: IPS (Individual Pension Saving): Net savings %,,-3.20442806206706,,fund-saving-by-category-2024.xlsx,,,,
SIFA_DATA.csv,SIFA_DATA_20250212.xlsx,MISSING,2024-Q3,25,SWEPENFND.ALLTYPES.UNITLINK.NETSAVINGPERC.Q,All types of funds,Unit linked,Net savings %,All types of funds: Unit linked: Net savings %,,24.5679134380824,,fund-saving-by-category-2024.xlsx,,,,
SIFA_DATA.csv,SIFA_DATA_20250212.xlsx,MISSING,2024-Q3,26,SWEPENFND.ALLTYPES.PREMPENSSAVING.NETSAVINGPERC.Q,All types of funds,Premium Pension,Net savings %,All types of funds: Premium Pension Savings: Net savings %,,-14.3010767147939,,fund-saving-by-category-2024.xlsx,,,,
SIFA_DATA.csv,SIFA_DATA_20250212.xlsx,MISSING,2024-Q3,27,SWEPENFND.ALLTYPES.NOMINEEACC.NETSAVINGPERC.Q,All types of funds,Nominee Accounts,Net savings %,All types of funds: Nominee Accounts: Net savings %,,42.547995646476,,fund-saving-by-category-2024.xlsx,,,,
SIFA_DATA.csv,SIFA_DATA_20250212.xlsx,MISSING,2024-Q3,28,SWEPENFND.ALLTYPES.NONPROFINST.NETSAVINGPERC.Q,All types of funds,Non profit inst.,Net savings %,All types of funds: Non profit institutions serving households: Net savings %,,0.547657186528107,,fund-saving-by-category-2024.xlsx,,,,
SIFA_DATA.csv,SIFA_DATA_20250212.xlsx,MISSING,2024-Q3,29,SWEPENFND.ALLTYPES.SWECORP.NETSAVINGPERC.Q,All types of funds,Swedish corporations,Net savings %,All types of funds: Swedish corporations: Net savings %,,25.2165584805698,,fund-saving-by-category-2024.xlsx,,,,
SIFA_DATA.csv,SIFA_DATA_20250212.xlsx,MISSING,2024-Q3,30,SWEPENFND.ALLTYPES.OTHERS.NETSAVINGPERC.Q,All types of funds,Others,Net savings %,All types of funds: Others: Net savings %,,11.8775864766913,,fund-saving-by-category-2024.xlsx,,,,
SIFA_DATA.csv,SIFA_DATA_20250212.xlsx,MISSING,2024-Q3,31,SWEPENFND.ALLTYPES.TOTAL.NETSAVINGPERC.Q,All types of funds,TOTAL,Net savings %,All types of funds: TOTAL: Net savings %,,100.0,,fund-saving-by-category-2024.xlsx,,,,
SIFA_DATA.csv,SIFA_DATA_20250212.xlsx,MISSING,2024-Q3,32,SWEDISHHOUSEHOLDSDIRECTINV.NETASSETS.FLOW.NONE.Q.1@SIFA,All types of funds,Swedish households,Net assets,"All types of funds: Swedish households, direct inv.: Net assets",,537166.82,,fund-saving-by-category-2024.xlsx,,,,
SIFA_DATA.csv,SIFA_DATA_20250212.xlsx,MISSING,2024-Q3,33,ISK.TOTAL.FLOW.NONE.Q.1@SIFA,All types of funds,ISK,Net assets,All types of funds: ISK (Investment Savings Account): Net assets,,708396.05,,fund-saving-by-category-2024.xlsx,,,,
SIFA_DATA.csv,SIFA_DATA_20250212.xlsx,MISSING,2024-Q3,34,IPS.TOTAL.FLOW.NONE.Q.1@SIFA,All types of funds,IPS,Net assets,All types of funds: IPS (Individual Pension Saving): Net assets,,171180.99,,fund-saving-by-category-2024.xlsx,,,,
SIFA_DATA.csv,SIFA_DATA_20250212.xlsx,MISSING,2024-Q3,35,SWEUNITLINKED.TOTAL.FLOW.NONE.Q.1@SIFA,All types of funds,Unit linked,Net assets,All types of funds: Unit linked: Net assets,,1842738.57,,fund-saving-by-category-2024.xlsx,,,,
SIFA_DATA.csv,SIFA_DATA_20250212.xlsx,MISSING,2024-Q3,36,PREMIUMPENSION.TOTAL.FLOW.NONE.Q.1@SIFA,All types of funds,Premium Pension,Net assets,All types of funds: Premium Pension Savings: Net assets,,2540327.76,,fund-saving-by-category-2024.xlsx,,,,
SIFA_DATA.csv,SIFA_DATA_20250212.xlsx,MISSING,2024-Q3,37,NOMINEEACCOUNTS.TOTAL.FLOW.NONE.Q.1@SIFA,All types of funds,Nominee Accounts,Net assets,All types of funds: Nominee Accounts: Net assets,,933778.33,,fund-saving-by-category-2024.xlsx,,,,
SIFA_DATA.csv,SIFA_DATA_20250212.xlsx,MISSING,2024-Q3,38,SWENPISH.TOTAL.FLOW.NONE.Q.1@SIFA,All types of funds,Non profit inst.,Net assets,All types of funds: Non profit institutions serving households: Net assets,,146321.1,,fund-saving-by-category-2024.xlsx,,,,
SIFA_DATA.csv,SIFA_DATA_20250212.xlsx,MISSING,2024-Q3,39,SWECORPORATIONS.TOTAL.FLOW.NONE.Q.1@SIFA,All types of funds,Swedish corporations,Net assets,All types of funds: Swedish corporations: Net assets,,908014.55,,fund-saving-by-category-2024.xlsx,,,,
SIFA_DATA.csv,SIFA_DATA_20250212.xlsx,MISSING,2024-Q3,40,SWEOTHERS.TOTAL.FLOW.NONE.Q.1@SIFA,All types of funds,Others,Net assets,All types of funds: Others: Net assets,,170489.71,,fund-saving-by-category-2024.xlsx,,,,
SIFA_DATA.csv,SIFA_DATA_20250212.xlsx,MISSING,2024-Q3,41,SWEPENFND.ALLTYPES.TOTAL.NETASSET.Q,All types of funds,TOTAL,Net assets,All types of funds: TOTAL: Net assets,,7958413.88,,fund-saving-by-category-2024.xlsx,,,,
SIFA_DATA.csv,SIFA_DATA_20250212.xlsx,MISSING,2024-Q3,42,SWEPENFND.ALLTYPES.SWEHOUSEHOLD.NETASSETPERC.Q,All types of funds,Swedish households,Net assets %,"All types of funds: Swedish households, direct inv.: Net assets %",,6.74967183285019,,fund-saving-by-category-2024.xlsx,,,,
SIFA_DATA.csv,SIFA_DATA_20250212.xlsx,MISSING,2024-Q3,43,SWEPENFND.ALLTYPES.ISK.NETASSETPERC.Q,All types of funds,ISK,Net assets %,All types of funds: ISK (Investment Savings Account): Net assets %,,8.90122153335408,,fund-saving-by-category-2024.xlsx,,,,
SIFA_DATA.csv,SIFA_DATA_20250212.xlsx,MISSING,2024-Q3,44,SWEPENFND.ALLTYPES.IPS.NETASSETPERC.Q,All types of funds,IPS,Net assets %,All types of funds: IPS (Individual Pension Saving): Net assets %,,2.15094354957071,,fund-saving-by-category-2024.xlsx,,,,
SIFA_DATA.csv,SIFA_DATA_20250212.xlsx,MISSING,2024-Q3,45,SWEPENFND.ALLTYPES.UNITLINK.NETASSETPERC.Q,All types of funds,Unit linked,Net assets %,All types of funds: Unit linked: Net assets %,,23.1545958501972,,fund-saving-by-category-2024.xlsx,,,,
SIFA_DATA.csv,SIFA_DATA_20250212.xlsx,MISSING,2024-Q3,46,SWEPENFND.ALLTYPES.PREMPENSSAVING.NETASSETPERC.Q,All types of funds,Premium Pension,Net assets %,All types of funds: Premium Pension Savings: Net assets %,,31.9200257526692,,fund-saving-by-category-2024.xlsx,,,,
SIFA_DATA.csv,SIFA_DATA_20250212.xlsx,MISSING,2024-Q3,47,SWEPENFND.ALLTYPES.NOMINEEACC.NETASSETPERC.Q,All types of funds,Nominee Accounts,Net assets %,All types of funds: Nominee Accounts: Net assets %,,11.7332215197634,,fund-saving-by-category-2024.xlsx,,,,
SIFA_DATA.csv,SIFA_DATA_20250212.xlsx,MISSING,2024-Q3,48,SWEPENFND.ALLTYPES.NONPROFINST.NETASSETPERC.Q,All types of funds,Non profit inst.,Net assets %,All types of funds: Non profit institutions serving households: Net assets %,,1.83857112995486,,fund-saving-by-category-2024.xlsx,,,,
SIFA_DATA.csv,SIFA_DATA_20250212.xlsx,MISSING,2024-Q3,49,SWEPENFND.ALLTYPES.SWECORP.NETASSETPERC.Q,All types of funds,Swedish corporations,Net assets %,All types of funds: Swedish corporations: Net assets %,,11.4094914349943,,fund-saving-by-category-2024.xlsx,,,,
SIFA_DATA.csv,SIFA_DATA_20250212.xlsx,MISSING,2024-Q3,50,SWEPENFND.ALLTYPES.OTHERS.NETASSETPERC.Q,All types of funds,Others,Net assets %,All types of funds: Others: Net assets %,,2.14225739664598,,fund-saving-by-category-2024.xlsx,,,,
SIFA_DATA.csv,SIFA_DATA_20250212.xlsx,MISSING,2024-Q3,51,SWEPENFND.ALLTYPES.TOTAL.NETASSETPERC.Q,All types of funds,TOTAL,Net assets %,All types of funds: TOTAL: Net assets %,,100.0,,fund-saving-by-category-2024.xlsx,,,,
SIFA_DATA.csv,SIFA_DATA_20250212.xlsx,MISSING,2024-Q3,62,SWEPENFND.EQUITYFUND.SWEHOUSEHOLD.NETSAVINGSUM.Q,Equity funds,Swedish households,Net savings sum,"Equity funds: Swedish households, direct inv.: Net savings sum",,-948.490000000002,,fund-saving-by-category-2024.xlsx,,,,
SIFA_DATA.csv,SIFA_DATA_20250212.xlsx,MISSING,2024-Q3,63,SWEPENFND.EQUITYFUND.ISK.NETSAVINGSUM.Q,Equity funds,ISK,Net savings sum,Equity funds: ISK (Investment Savings Account): Net savings sum,,9851.45,,fund-saving-by-category-2024.xlsx,,,,
SIFA_DATA.csv,SIFA_DATA_20250212.xlsx,MISSING,2024-Q3,64,SWEPENFND.EQUITYFUND.IPS.NETSAVINGSUM.Q,Equity funds,IPS,Net savings sum,Equity funds: IPS (Individual Pension Saving): Net savings sum,,-938.16,,fund-saving-by-category-2024.xlsx,,,,
SIFA_DATA.csv,SIFA_DATA_20250212.xlsx,MISSING,2024-Q3,65,SWEPENFND.EQUITYFUND.UNITLINK.NETSAVINGSUM.Q,Equity funds,Unit linked,Net savings sum,Equity funds: Unit linked: Net savings sum,,4432.07,,fund-saving-by-category-2024.xlsx,,,,
SIFA_DATA.csv,SIFA_DATA_20250212.xlsx,MISSING,2024-Q3,66,SWEPENFND.EQUITYFUND.PREMPENSSAVING.NETSAVINGSUM.Q,Equity funds,Premium Pension,Net savings sum,Equity funds: Premium Pension Savings: Net savings sum,,-3407.28,,fund-saving-by-category-2024.xlsx,,,,
SIFA_DATA.csv,SIFA_DATA_20250212.xlsx,MISSING,2024-Q3,67,SWEPENFND.EQUITYFUND.NOMIEEACC.NETSAVINGSUM.Q,Equity funds,Nominee Accounts,Net savings sum,Equity funds: Nominee Accounts: Net savings sum,,19193.36,,fund-saving-by-category-2024.xlsx,,,,
SIFA_DATA.csv,SIFA_DATA_20250212.xlsx,MISSING,2024-Q3,68,SWEPENFND.EQUITYFUND.NONPROFINST.NETSAVINGSUM.Q,Equity funds,Non profit inst.,Net savings sum,Equity funds: Non profit institutions serving households: Net savings sum,,263.81,,fund-saving-by-category-2024.xlsx,,,,
SIFA_DATA.csv,SIFA_DATA_20250212.xlsx,MISSING,2024-Q3,69,SWEPENFND.EQUITYFUND.SWECORP.NETSAVINGSUM.Q,Equity funds,Swedish corporations,Net savings sum,Equity funds: Swedish corporations: Net savings sum,,6591.02,,fund-saving-by-category-2024.xlsx,,,,
SIFA_DATA.csv,SIFA_DATA_20250212.xlsx,MISSING,2024-Q3,70,SWEPENFND.EQUITYFUND.OTHER.NETSAVINGSUM.Q,Equity funds,Others,Net savings sum,Equity funds: Others: Net savings sum,,-155.790000000001,,fund-saving-by-category-2024.xlsx,,,,
SIFA_DATA.csv,SIFA_DATA_20250212.xlsx,MISSING,2024-Q3,71,SWEPENFND.EQUITYFUND.TOTAL.NETSAVINGSUM.Q,Equity funds,TOTAL,Net savings sum,Equity funds: TOTAL: Net savings sum,,34881.99,,fund-saving-by-category-2024.xlsx,,,,
SIFA_DATA.csv,SIFA_DATA_20250212.xlsx,MISSING,2024-Q3,72,SWEPENFND.EQUITYFUND.SWEHOUSEHOLD.NETSAVINGPERC.Q,Equity funds,Swedish households,Net savings %,"Equity funds: Swedish households, direct inv.: Net savings %",,-2.71913959037315,,fund-saving-by-category-2024.xlsx,,,,
SIFA_DATA.csv,SIFA_DATA_20250212.xlsx,MISSING,2024-Q3,73,SWEPENFND.EQUITYFUND.ISK.NETSAVINGPERC.Q,Equity funds,ISK,Net savings %,Equity funds: ISK (Investment Savings Account): Net savings %,,28.2422247125236,,fund-saving-by-category-2024.xlsx,,,,
SIFA_DATA.csv,SIFA_DATA_20250212.xlsx,MISSING,2024-Q3,74,SWEPENFND.EQUITYFUND.IPS.NETSAVINGPERC.Q,Equity funds,IPS,Net savings %,Equity funds: IPS (Individual Pension Saving): Net savings %,,-2.68952545425304,,fund-saving-by-category-2024.xlsx,,,,
SIFA_DATA.csv,SIFA_DATA_20250212.xlsx,MISSING,2024-Q3,75,SWEPENFND.EQUITYFUND.UNITLINK.NETSAVINGPERC.Q,Equity funds,Unit linked,Net savings %,Equity funds: Unit linked: Net savings %,,12.7058977999822,,fund-saving-by-category-2024.xlsx,,,,
SIFA_DATA.csv,SIFA_DATA_20250212.xlsx,MISSING,2024-Q3,76,SWEPENFND.EQUITYFUND.PREMPENSSAVING.NETSAVINGPERC.Q,Equity funds,Premium Pension,Net savings %,Equity funds: Premium Pension Savings: Net savings %,,-9.76802068918659,,fund-saving-by-category-2024.xlsx,,,,
SIFA_DATA.csv,SIFA_DATA_20250212.xlsx,MISSING,2024-Q3,77,SWEPENFND.EQUITYFUND.NOMIEEACC.NETSAVINGPERC.Q,Equity funds,Nominee Accounts,Net savings %,Equity funds: Nominee Accounts: Net savings %,,55.0236956091094,,fund-saving-by-category-2024.xlsx,,,,
SIFA_DATA.csv,SIFA_DATA_20250212.xlsx,MISSING,2024-Q3,78,SWEPENFND.EQUITYFUND.NONPROFINST.NETSAVINGPERC.Q,Equity funds,Non profit inst.,Net savings %,Equity funds: Non profit institutions serving households: Net savings %,,0.756292860585075,,fund-saving-by-category-2024.xlsx,,,,
SIFA_DATA.csv,SIFA_DATA_20250212.xlsx,MISSING,2024-Q3,79,SWEPENFND.EQUITYFUND.SWECORP.NETSAVINGPERC.Q,Equity funds,Swedish corporations,Net savings %,Equity funds: Swedish corporations: Net savings %,,18.8951949129049,,fund-saving-by-category-2024.xlsx,,,,
SIFA_DATA.csv,SIFA_DATA_20250212.xlsx,MISSING,2024-Q3,80,SWEPENFND.EQUITYFUND.OTHER.NETSAVINGPERC.Q,Equity funds,Others,Net savings %,Equity funds: Others: Net savings %,,-0.446620161292406,,fund-saving-by-category-2024.xlsx,,,,
SIFA_DATA.csv,SIFA_DATA_20250212.xlsx,MISSING,2024-Q3,81,SWEPENFND.EQUITYFUND.TOTAL.NETSAVINGPERC.Q,Equity funds,TOTAL,Net savings %,Equity funds: TOTAL: Net savings %,,100.0,,fund-saving-by-category-2024.xlsx,,,,
SIFA_DATA.csv,SIFA_DATA_20250212.xlsx,MISSING,2024-Q3,82,SWEPENFND.EQUITYFUND.SWEHOUSEHOLD.NETASSET.Q,Equity funds,Swedish households,Net assets,"Equity funds: Swedish households, direct inv.: Net assets",,377952.75,,fund-saving-by-category-2024.xlsx,,,,
SIFA_DATA.csv,SIFA_DATA_20250212.xlsx,MISSING,2024-Q3,83,SWEPENFND.EQUITYFUND.ISK.NETASSET.Q,Equity funds,ISK,Net assets,Equity funds: ISK (Investment Savings Account): Net assets,,365638.56,,fund-saving-by-category-2024.xlsx,,,,
SIFA_DATA.csv,SIFA_DATA_20250212.xlsx,MISSING,2024-Q3,84,SWEPENFND.EQUITYFUND.IPS.NETASSET.Q,Equity funds,IPS,Net assets,Equity funds: IPS (Individual Pension Saving): Net assets,,104469.55,,fund-saving-by-category-2024.xlsx,,,,
SIFA_DATA.csv,SIFA_DATA_20250212.xlsx,MISSING,2024-Q3,85,SWEPENFND.EQUITYFUND.UNITLINK.NETASSET.Q,Equity funds,Unit linked,Net assets,Equity funds: Unit linked: Net assets,,1176409.41,,fund-saving-by-category-2024.xlsx,,,,
SIFA_DATA.csv,SIFA_DATA_20250212.xlsx,MISSING,2024-Q3,86,SWEPENFND.EQUITYFUND.PREMPENSSAVING.NETASSET.Q,Equity funds,Premium Pension,Net assets,Equity funds: Premium Pension Savings: Net assets,,1996543.35,,fund-saving-by-category-2024.xlsx,,,,
SIFA_DATA.csv,SIFA_DATA_20250212.xlsx,MISSING,2024-Q3,87,SWEPENFND.EQUITYFUND.NOMIEEACC.NETASSET.Q,Equity funds,Nominee Accounts,Net assets,Equity funds: Nominee Accounts: Net assets,,672965.79,,fund-saving-by-category-2024.xlsx,,,,
SIFA_DATA.csv,SIFA_DATA_20250212.xlsx,MISSING,2024-Q3,88,SWEPENFND.EQUITYFUND.NONPROFINST.NETASSET.Q,Equity funds,Non profit inst.,Net assets,Equity funds: Non profit institutions serving households: Net assets,,70653.3,,fund-saving-by-category-2024.xlsx,,,,
SIFA_DATA.csv,SIFA_DATA_20250212.xlsx,MISSING,2024-Q3,89,SWEPENFND.EQUITYFUND.SWECORP.NETASSET.Q,Equity funds,Swedish corporations,Net assets,Equity funds: Swedish corporations: Net assets,,577156.06,,fund-saving-by-category-2024.xlsx,,,,
SIFA_DATA.csv,SIFA_DATA_20250212.xlsx,MISSING,2024-Q3,90,SWEPENFND.EQUITYFUND.OTHER.NETASSET.Q,Equity funds,Others,Net assets,Equity funds: Others: Net assets,,86904.7,,fund-saving-by-category-2024.xlsx,,,,
SIFA_DATA.csv,SIFA_DATA_20250212.xlsx,MISSING,2024-Q3,91,SWEPENFND.EQUITYFUND.TOTAL.NETASSET.Q,Equity funds,TOTAL,Net assets,Equity funds: TOTAL: Net assets,,5428693.47,,fund-saving-by-category-2024.xlsx,,,,
SIFA_DATA.csv,SIFA_DATA_20250212.xlsx,MISSING,2024-Q3,92,SWEPENFND.EQUITYFUND.SWEHOUSEHOLD.NETASSETPERC.Q,Equity funds,Swedish households,Net assets %,"Equity funds: Swedish households, direct inv.: Net assets %",,6.96213098213482,,fund-saving-by-category-2024.xlsx,,,,
SIFA_DATA.csv,SIFA_DATA_20250212.xlsx,MISSING,2024-Q3,93,SWEPENFND.EQUITYFUND.ISK.NETASSETPERC.Q,Equity funds,ISK,Net assets %,Equity funds: ISK (Investment Savings Account): Net assets %,,6.73529573958428,,fund-saving-by-category-2024.xlsx,,,,
SIFA_DATA.csv,SIFA_DATA_20250212.xlsx,MISSING,2024-Q3,94,SWEPENFND.EQUITYFUND.IPS.NETASSETPERC.Q,Equity funds,IPS,Net assets %,Equity funds: IPS (Individual Pension Saving): Net assets %,,1.92439581599733,,fund-saving-by-category-2024.xlsx,,,,
SIFA_DATA.csv,SIFA_DATA_20250212.xlsx,MISSING,2024-Q3,95,SWEPENFND.EQUITYFUND.UNITLINK.NETASSETPERC.Q,Equity funds,Unit linked,Net assets %,Equity funds: Unit linked: Net assets %,,21.6702124830047,,fund-saving-by-category-2024.xlsx,,,,
SIFA_DATA.csv,SIFA_DATA_20250212.xlsx,MISSING,2024-Q3,96,SWEPENFND.EQUITYFUND.PREMPENSSAVING.NETASSETPERC.Q,Equity funds,Premium Pension,Net assets %,Equity funds: Premium Pension Savings: Net assets %,,36.7776033226647,,fund-saving-by-category-2024.xlsx,,,,
SIFA_DATA.csv,SIFA_DATA_20250212.xlsx,MISSING,2024-Q3,97,SWEPENFND.EQUITYFUND.NOMIEEACC.NETASSETPERC.Q,Equity funds,Nominee Accounts,Net assets %,Equity funds: Nominee Accounts: Net assets %,,12.3964595481203,,fund-saving-by-category-2024.xlsx,,,,
SIFA_DATA.csv,SIFA_DATA_20250212.xlsx,MISSING,2024-Q3,98,SWEPENFND.EQUITYFUND.NONPROFINST.NETASSETPERC.Q,Equity funds,Non profit inst.,Net assets %,Equity funds: Non profit institutions serving households: Net assets %,,1.30147889893662,,fund-saving-by-category-2024.xlsx,,,,
SIFA_DATA.csv,SIFA_DATA_20250212.xlsx,MISSING,2024-Q3,99,SWEPENFND.EQUITYFUND.SWECORP.NETASSETPERC.Q,Equity funds,Swedish corporations,Net assets %,Equity funds: Swedish corporations: Net assets %,,10.6315831459167,,fund-saving-by-category-2024.xlsx,,,,
SIFA_DATA.csv,SIFA_DATA_20250212.xlsx,MISSING,2024-Q3,100,SWEPENFND.EQUITYFUND.OTHER.NETASSETPERC.Q,Equity funds,Others,Net assets %,Equity funds: Others: Net assets %,,1.60084006364058,,fund-saving-by-category-2024.xlsx,,,,
SIFA_DATA.csv,SIFA_DATA_20250212.xlsx,MISSING,2024-Q3,101,SWEPENFND.EQUITYFUND.TOTAL.NETASSETPERC.Q,Equity funds,TOTAL,Net assets %,Equity funds: TOTAL: Net assets %,,100.0,,fund-saving-by-category-2024.xlsx,,,,
SIFA_DATA.csv,SIFA_DATA_20250212.xlsx,MISSING,2024-Q3,112,SWEPENFND.BALANCFUND.SWEHOUSEHOLD.NETSAVINGSUM.Q,Balanced funds,Swedish households,Net savings sum,"Balanced funds: Swedish households, direct inv.: Net savings sum",,-1024.35,,fund-saving-by-category-2024.xlsx,,,,
SIFA_DATA.csv,SIFA_DATA_20250212.xlsx,MISSING,2024-Q3,113,SWEPENFND.BALANCFUND.ISK.NETSAVINGSUM.Q,Balanced funds,ISK,Net savings sum,Balanced funds: ISK (Investment Savings Account): Net savings sum,,71.1499999999996,,fund-saving-by-category-2024.xlsx,,,,
SIFA_DATA.csv,SIFA_DATA_20250212.xlsx,MISSING,2024-Q3,114,SWEPENFND.BALANCFUND.IPS.NETSAVINGSUM.Q,Balanced funds,IPS,Net savings sum,Balanced funds: IPS (Individual Pension Saving): Net savings sum,,-202.73,,fund-saving-by-category-2024.xlsx,,,,
SIFA_DATA.csv,SIFA_DATA_20250212.xlsx,MISSING,2024-Q3,115,SWEPENFND.BALANCFUND.UNITLINK.NETSAVINGSUM.Q,Balanced funds,Unit linked,Net savings sum,Balanced funds: Unit linked: Net savings sum,,-2287.96,,fund-saving-by-category-2024.xlsx,,,,
SIFA_DATA.csv,SIFA_DATA_20250212.xlsx,MISSING,2024-Q3,116,SWEPENFND.BALANCFUND.PREMPENSSAVING.NETSAVINGSUM.Q,Balanced funds,Premium Pension,Net savings sum,Balanced funds: Premium Pension Savings: Net savings sum,,-3048.73,,fund-saving-by-category-2024.xlsx,,,,
SIFA_DATA.csv,SIFA_DATA_20250212.xlsx,MISSING,2024-Q3,117,SWEPENFND.BALANCFUND.NOMIEEACC.NETSAVINGSUM.Q,Balanced funds,Nominee Accounts,Net savings sum,Balanced funds: Nominee Accounts: Net savings sum,,-345.5,,fund-saving-by-category-2024.xlsx,,,,
SIFA_DATA.csv,SIFA_DATA_20250212.xlsx,MISSING,2024-Q3,118,SWEPENFND.BALANCFUND.NONPROFINST.NETSAVINGSUM.Q,Balanced funds,Non profit inst.,Net savings sum,Balanced funds: Non profit institutions serving households: Net savings sum,,107.09,,fund-saving-by-category-2024.xlsx,,,,
SIFA_DATA.csv,SIFA_DATA_20250212.xlsx,MISSING,2024-Q3,119,SWEPENFND.BALANCFUND.SWECORP.NETSAVINGSUM.Q,Balanced funds,Swedish corporations,Net savings sum,Balanced funds: Swedish corporations: Net savings sum,,-432.839999999998,,fund-saving-by-category-2024.xlsx,,,,
SIFA_DATA.csv,SIFA_DATA_20250212.xlsx,MISSING,2024-Q3,120,SWEPENFND.BALANCFUND.OTHER.NETSAVINGSUM.Q,Balanced funds,Others,Net savings sum,Balanced funds: Others: Net savings sum,,-635.65,,fund-saving-by-category-2024.xlsx,,,,
SIFA_DATA.csv,SIFA_DATA_20250212.xlsx,MISSING,2024-Q3,121,SWEPENFND.BALANCFUND.TOTAL.NETSAVINGSUM.Q,Balanced funds,TOTAL,Net savings sum,Balanced funds: TOTAL: Net savings sum,,-7799.52,,fund-saving-by-category-2024.xlsx,,,,
SIFA_DATA.csv,SIFA_DATA_20250212.xlsx,MISSING,2024-Q3,122,SWEPENFND.BALANCFUND.SWEHOUSEHOLD.NETSAVINGPERC.Q,Balanced funds,Swedish households,Net savings %,"Balanced funds: Swedish households, direct inv.: Net savings %",,13.1335005231091,,fund-saving-by-category-2024.xlsx,,,,
SIFA_DATA.csv,SIFA_DATA_20250212.xlsx,MISSING,2024-Q3,123,SWEPENFND.BALANCFUND.ISK.NETSAVINGPERC.Q,Balanced funds,ISK,Net savings %,Balanced funds: ISK (Investment Savings Account): Net savings %,,-0.912235624756391,,fund-saving-by-category-2024.xlsx,,,,
SIFA_DATA.csv,SIFA_DATA_20250212.xlsx,MISSING,2024-Q3,124,SWEPENFND.BALANCFUND.IPS.NETSAVINGPERC.Q,Balanced funds,IPS,Net savings %,Balanced funds: IPS (Individual Pension Saving): Net savings %,,2.5992625187191,,fund-saving-by-category-2024.xlsx,,,,
SIFA_DATA.csv,SIFA_DATA_20250212.xlsx,MISSING,2024-Q3,125,SWEPENFND.BALANCFUND.UNITLINK.NETSAVINGPERC.Q,Balanced funds,Unit linked,Net savings %,Balanced funds: Unit linked: Net savings %,,29.3346257205572,,fund-saving-by-category-2024.xlsx,,,,
SIFA_DATA.csv,SIFA_DATA_20250212.xlsx,MISSING,2024-Q3,126,SWEPENFND.BALANCFUND.PREMPENSSAVING.NETSAVINGPERC.Q,Balanced funds,Premium Pension,Net savings %,Balanced funds: Premium Pension Savings: Net savings %,,39.0886875089749,,fund-saving-by-category-2024.xlsx,,,,
SIFA_DATA.csv,SIFA_DATA_20250212.xlsx,MISSING,2024-Q3,127,SWEPENFND.BALANCFUND.NOMIEEACC.NETSAVINGPERC.Q,Balanced funds,Nominee Accounts,Net savings %,Balanced funds: Nominee Accounts: Net savings %,,4.42975978008903,,fund-saving-by-category-2024.xlsx,,,,
SIFA_DATA.csv,SIFA_DATA_20250212.xlsx,MISSING,2024-Q3,128,SWEPENFND.BALANCFUND.NONPROFINST.NETSAVINGPERC.Q,Balanced funds,Non profit inst.,Net savings %,Balanced funds: Non profit institutions serving households: Net savings %,,-1.37303321230024,,fund-saving-by-category-2024.xlsx,,,,
SIFA_DATA.csv,SIFA_DATA_20250212.xlsx,MISSING,2024-Q3,129,SWEPENFND.BALANCFUND.SWECORP.NETSAVINGPERC.Q,Balanced funds,Swedish corporations,Net savings %,Balanced funds: Swedish corporations: Net savings %,,5.54957228137114,,fund-saving-by-category-2024.xlsx,,,,
SIFA_DATA.csv,SIFA_DATA_20250212.xlsx,MISSING,2024-Q3,130,SWEPENFND.BALANCFUND.OTHER.NETSAVINGPERC.Q,Balanced funds,Others,Net savings %,Balanced funds: Others: Net savings %,,8.14986050423616,,fund-saving-by-category-2024.xlsx,,,,
SIFA_DATA.csv,SIFA_DATA_20250212.xlsx,MISSING,2024-Q3,131,SWEPENFND.BALANCFUND.TOTAL.NETSAVINGPERC.Q,Balanced funds,TOTAL,Net savings %,Balanced funds: TOTAL: Net savings %,,100.0,,fund-saving-by-category-2024.xlsx,,,,
SIFA_DATA.csv,SIFA_DATA_20250212.xlsx,MISSING,2024-Q3,132,SWEPENFND.BALANCFUND.SWEHOUSEHOLD.NETASSET.Q,Balanced funds,Swedish households,Net assets,"Balanced funds: Swedish households, direct inv.: Net assets",,94141.2,,fund-saving-by-category-2024.xlsx,,,,
SIFA_DATA.csv,SIFA_DATA_20250212.xlsx,MISSING,2024-Q3,133,SWEPENFND.BALANCFUND.ISK.NETASSET.Q,Balanced funds,ISK,Net assets,Balanced funds: ISK (Investment Savings Account): Net assets,,274459.68,,fund-saving-by-category-2024.xlsx,,,,
SIFA_DATA.csv,SIFA_DATA_20250212.xlsx,MISSING,2024-Q3,134,SWEPENFND.BALANCFUND.IPS.NETASSET.Q,Balanced funds,IPS,Net assets,Balanced funds: IPS (Individual Pension Saving): Net assets,,62954.01,,fund-saving-by-category-2024.xlsx,,,,
SIFA_DATA.csv,SIFA_DATA_20250212.xlsx,MISSING,2024-Q3,135,SWEPENFND.BALANCFUND.UNITLINK.NETASSET.Q,Balanced funds,Unit linked,Net assets,Balanced funds: Unit linked: Net assets,,499253.26,,fund-saving-by-category-2024.xlsx,,,,
SIFA_DATA.csv,SIFA_DATA_20250212.xlsx,MISSING,2024-Q3,136,SWEPENFND.BALANCFUND.PREMPENSSAVING.NETASSET.Q,Balanced funds,Premium Pension,Net assets,Balanced funds: Premium Pension Savings: Net assets,,401922.78,,fund-saving-by-category-2024.xlsx,,,,
SIFA_DATA.csv,SIFA_DATA_20250212.xlsx,MISSING,2024-Q3,137,SWEPENFND.BALANCFUND.NOMIEEACC.NETASSET.Q,Balanced funds,Nominee Accounts,Net assets,Balanced funds: Nominee Accounts: Net assets,,102844.51,,fund-saving-by-category-2024.xlsx,,,,
SIFA_DATA.csv,SIFA_DATA_20250212.xlsx,MISSING,2024-Q3,138,SWEPENFND.BALANCFUND.NONPROFINST.NETASSET.Q,Balanced funds,Non profit inst.,Net assets,Balanced funds: Non profit institutions serving households: Net assets,,38550.55,,fund-saving-by-category-2024.xlsx,,,,
SIFA_DATA.csv,SIFA_DATA_20250212.xlsx,MISSING,2024-Q3,139,SWEPENFND.BALANCFUND.SWECORP.NETASSET.Q,Balanced funds,Swedish corporations,Net assets,Balanced funds: Swedish corporations: Net assets,,47311.7900000001,,fund-saving-by-category-2024.xlsx,,,,
SIFA_DATA.csv,SIFA_DATA_20250212.xlsx,MISSING,2024-Q3,140,SWEPENFND.BALANCFUND.OTHER.NETASSET.Q,Balanced funds,Others,Net assets,Balanced funds: Others: Net assets,,15484.61,,fund-saving-by-category-2024.xlsx,,,,
SIFA_DATA.csv,SIFA_DATA_20250212.xlsx,MISSING,2024-Q3,141,SWEPENFND.BALANCFUND.TOTAL.NETASSET.Q,Balanced funds,TOTAL,Net assets,Balanced funds: TOTAL: Net assets,,1536922.39,,fund-saving-by-category-2024.xlsx,,,,
SIFA_DATA.csv,SIFA_DATA_20250212.xlsx,MISSING,2024-Q3,142,SWEPENFND.BALANCFUND.SWEHOUSEHOLD.NETASSETPERC.Q,Balanced funds,Swedish households,Net assets %,"Balanced funds: Swedish households, direct inv.: Net assets %",,6.12530604099014,,fund-saving-by-category-2024.xlsx,,,,
SIFA_DATA.csv,SIFA_DATA_20250212.xlsx,MISSING,2024-Q3,143,SWEPENFND.BALANCFUND.ISK.NETASSETPERC.Q,Balanced funds,ISK,Net assets %,Balanced funds: ISK (Investment Savings Account): Net assets %,,17.8577449184015,,fund-saving-by-category-2024.xlsx,,,,
SIFA_DATA.csv,SIFA_DATA_20250212.xlsx,MISSING,2024-Q3,144,SWEPENFND.BALANCFUND.IPS.NETASSETPERC.Q,Balanced funds,IPS,Net assets %,Balanced funds: IPS (Individual Pension Saving): Net assets %,,4.09610858749998,,fund-saving-by-category-2024.xlsx,,,,
SIFA_DATA.csv,SIFA_DATA_20250212.xlsx,MISSING,2024-Q3,145,SWEPENFND.BALANCFUND.UNITLINK.NETASSETPERC.Q,Balanced funds,Unit linked,Net assets %,Balanced funds: Unit linked: Net assets %,,32.4839603644527,,fund-saving-by-category-2024.xlsx,,,,
SIFA_DATA.csv,SIFA_DATA_20250212.xlsx,MISSING,2024-Q3,146,SWEPENFND.BALANCFUND.PREMPENSSAVING.NETASSETPERC.Q,Balanced funds,Premium Pension,Net assets %,Balanced funds: Premium Pension Savings: Net assets %,,26.1511435200056,,fund-saving-by-category-2024.xlsx,,,,
SIFA_DATA.csv,SIFA_DATA_20250212.xlsx,MISSING,2024-Q3,147,SWEPENFND.BALANCFUND.NOMIEEACC.NETASSETPERC.Q,Balanced funds,Nominee Accounts,Net assets %,Balanced funds: Nominee Accounts: Net assets %,,6.69158772551944,,fund-saving-by-category-2024.xlsx,,,,
SIFA_DATA.csv,SIFA_DATA_20250212.xlsx,MISSING,2024-Q3,148,SWEPENFND.BALANCFUND.NONPROFINST.NETASSETPERC.Q,Balanced funds,Non profit inst.,Net assets %,Balanced funds: Non profit institutions serving households: Net assets %,,2.50829516511891,,fund-saving-by-category-2024.xlsx,,,,
SIFA_DATA.csv,SIFA_DATA_20250212.xlsx,MISSING,2024-Q3,149,SWEPENFND.BALANCFUND.SWECORP.NETASSETPERC.Q,Balanced funds,Swedish corporations,Net assets %,Balanced funds: Swedish corporations: Net assets %,,3.07834607055208,,fund-saving-by-category-2024.xlsx,,,,
SIFA_DATA.csv,SIFA_DATA_20250212.xlsx,MISSING,2024-Q3,150,SWEPENFND.BALANCFUND.OTHER.NETASSETPERC.Q,Balanced funds,Others,Net assets %,Balanced funds: Others: Net assets %,,1.00750760745961,,fund-saving-by-category-2024.xlsx,,,,
SIFA_DATA.csv,SIFA_DATA_20250212.xlsx,MISSING,2024-Q3,151,SWEPENFND.BALANCFUND.TOTAL.NETASSETPERC.Q,Balanced funds,TOTAL,Net assets %,Balanced funds: TOTAL: Net assets %,,100.0,,fund-saving-by-category-2024.xlsx,,,,
SIFA_DATA.csv,SIFA_DATA_20250212.xlsx,MISSING,2024-Q3,162,SWEPENFND.LONGTERM.SWEHOUSEHOLD.NETSAVINGSUM.Q,Long term fixed income,Swedish households,Net savings sum,"Long term fixed income funds: Swedish households, direct inv.: Net savings sum",,390.27,,fund-saving-by-category-2024.xlsx,,,,
SIFA_DATA.csv,SIFA_DATA_20250212.xlsx,MISSING,2024-Q3,163,SWEPENFND.LONGTERM.ISK.NETSAVINGSUM.Q,Long term fixed income,ISK,Net savings sum,Long term fixed income funds: ISK (Investment Savings Account): Net savings sum,,1680.87,,fund-saving-by-category-2024.xlsx,,,,
SIFA_DATA.csv,SIFA_DATA_20250212.xlsx,MISSING,2024-Q3,164,SWEPENFND.LONGTERM.IPS.NETSAVINGSUM.Q,Long term fixed income,IPS,Net savings sum,Long term fixed income funds: IPS (Individual Pension Saving): Net savings sum,,-59.9,,fund-saving-by-category-2024.xlsx,,,,
SIFA_DATA.csv,SIFA_DATA_20250212.xlsx,MISSING,2024-Q3,165,SWEPENFND.LONGTERM.UNITLINK.NETSAVINGSUM.Q,Long term fixed income,Unit linked,Net savings sum,Long term fixed income funds: Unit linked: Net savings sum,,4599.73,,fund-saving-by-category-2024.xlsx,,,,
SIFA_DATA.csv,SIFA_DATA_20250212.xlsx,MISSING,2024-Q3,166,SWEPENFND.LONGTERM.PREMPENSSAVING.NETSAVINGSUM.Q,Long term fixed income,Premium Pension,Net savings sum,Long term fixed income funds: Premium Pension Savings: Net savings sum,,-2129.56,,fund-saving-by-category-2024.xlsx,,,,
SIFA_DATA.csv,SIFA_DATA_20250212.xlsx,MISSING,2024-Q3,167,SWEPENFND.LONGTERM.NOMIEEACC.NETSAVINGSUM.Q,Long term fixed income,Nominee Accounts,Net savings sum,Long term fixed income funds: Nominee Accounts: Net savings sum,,-1226.1,,fund-saving-by-category-2024.xlsx,,,,
SIFA_DATA.csv,SIFA_DATA_20250212.xlsx,MISSING,2024-Q3,168,SWEPENFND.LONGTERM.NONPROFINST.NETSAVINGSUM.Q,Long term fixed income,Non profit inst.,Net savings sum,Long term fixed income funds: Non profit institutions serving households: Net savings sum,,614.16,,fund-saving-by-category-2024.xlsx,,,,
SIFA_DATA.csv,SIFA_DATA_20250212.xlsx,MISSING,2024-Q3,169,SWEPENFND.LONGTERM.SWECORP.NETSAVINGSUM.Q,Long term fixed income,Swedish corporations,Net savings sum,Long term fixed income funds: Swedish corporations: Net savings sum,,4184.94,,fund-saving-by-category-2024.xlsx,,,,
SIFA_DATA.csv,SIFA_DATA_20250212.xlsx,MISSING,2024-Q3,170,SWEPENFND.LONGTERM.OTHER.NETSAVINGSUM.Q,Long term fixed income,Others,Net savings sum,Long term fixed income funds: Others: Net savings sum,,2313.61,,fund-saving-by-category-2024.xlsx,,,,
SIFA_DATA.csv,SIFA_DATA_20250212.xlsx,MISSING,2024-Q3,171,SWEPENFND.LONGTERM.TOTAL.NETSAVINGSUM.Q,Long term fixed income,TOTAL,Net savings sum,Long term fixed income funds: TOTAL: Net savings sum,,10368.02,,fund-saving-by-category-2024.xlsx,,,,
SIFA_DATA.csv,SIFA_DATA_20250212.xlsx,MISSING,2024-Q3,172,SWEPENFND.LONGTERM.SWEHOUSEHOLD.NETSAVINGPERC.Q,Long term fixed income,Swedish households,Net savings %,"Long term fixed income funds: Swedish households, direct inv.: Net savings %",,3.76417097960845,,fund-saving-by-category-2024.xlsx,,,,
SIFA_DATA.csv,SIFA_DATA_20250212.xlsx,MISSING,2024-Q3,173,SWEPENFND.LONGTERM.ISK.NETSAVINGPERC.Q,Long term fixed income,ISK,Net savings %,Long term fixed income funds: ISK (Investment Savings Account): Net savings %,,16.2120636341365,,fund-saving-by-category-2024.xlsx,,,,
SIFA_DATA.csv,SIFA_DATA_20250212.xlsx,MISSING,2024-Q3,174,SWEPENFND.LONGTERM.IPS.NETSAVINGPERC.Q,Long term fixed income,IPS,Net savings %,Long term fixed income funds: IPS (Individual Pension Saving): Net savings %,,-0.577738083066969,,fund-saving-by-category-2024.xlsx,,,,
SIFA_DATA.csv,SIFA_DATA_20250212.xlsx,MISSING,2024-Q3,175,SWEPENFND.LONGTERM.UNITLINK.NETSAVINGPERC.Q,Long term fixed income,Unit linked,Net savings %,Long term fixed income funds: Unit linked: Net savings %,,44.3645942041007,,fund-saving-by-category-2024.xlsx,,,,
SIFA_DATA.csv,SIFA_DATA_20250212.xlsx,MISSING,2024-Q3,176,SWEPENFND.LONGTERM.PREMPENSSAVING.NETSAVINGPERC.Q,Long term fixed income,Premium Pension,Net savings %,Long term fixed income funds: Premium Pension Savings: Net savings %,,-20.5396980329899,,fund-saving-by-category-2024.xlsx,,,,
SIFA_DATA.csv,SIFA_DATA_20250212.xlsx,MISSING,2024-Q3,177,SWEPENFND.LONGTERM.NOMIEEACC.NETSAVINGPERC.Q,Long term fixed income,Nominee Accounts,Net savings %,Long term fixed income funds: Nominee Accounts: Net savings %,,-11.8257873730953,,fund-saving-by-category-2024.xlsx,,,,
SIFA_DATA.csv,SIFA_DATA_20250212.xlsx,MISSING,2024-Q3,178,SWEPENFND.LONGTERM.NONPROFINST.NETSAVINGPERC.Q,Long term fixed income,Non profit inst.,Net savings %,Long term fixed income funds: Non profit institutions serving households: Net savings %,,5.92359968441419,,fund-saving-by-category-2024.xlsx,,,,
SIFA_DATA.csv,SIFA_DATA_20250212.xlsx,MISSING,2024-Q3,179,SWEPENFND.LONGTERM.SWECORP.NETSAVINGPERC.Q,Long term fixed income,Swedish corporations,Net savings %,Long term fixed income funds: Swedish corporations: Net savings %,,40.3639267671166,,fund-saving-by-category-2024.xlsx,,,,
SIFA_DATA.csv,SIFA_DATA_20250212.xlsx,MISSING,2024-Q3,180,SWEPENFND.LONGTERM.OTHER.NETSAVINGPERC.Q,Long term fixed income,Others,Net savings %,Long term fixed income funds: Others: Net savings %,,22.3148682197758,,fund-saving-by-category-2024.xlsx,,,,
SIFA_DATA.csv,SIFA_DATA_20250212.xlsx,MISSING,2024-Q3,181,SWEPENFND.LONGTERM.TOTAL.NETSAVINGPERC.Q,Long term fixed income,TOTAL,Net savings %,Long term fixed income funds: TOTAL: Net savings %,,100.0,,fund-saving-by-category-2024.xlsx,,,,
SIFA_DATA.csv,SIFA_DATA_20250212.xlsx,MISSING,2024-Q3,182,SWEPENFND.LONGTERM.SWEHOUSEHOLD.NETASSET.Q,Long term fixed income,Swedish households,Net assets,"Long term fixed income funds: Swedish households, direct inv.: Net assets",,24040.18,,fund-saving-by-category-2024.xlsx,,,,
SIFA_DATA.csv,SIFA_DATA_20250212.xlsx,MISSING,2024-Q3,183,SWEPENFND.LONGTERM.ISK.NETASSET.Q,Long term fixed income,ISK,Net assets,Long term fixed income funds: ISK (Investment Savings Account): Net assets,,57805.97,,fund-saving-by-category-2024.xlsx,,,,
SIFA_DATA.csv,SIFA_DATA_20250212.xlsx,MISSING,2024-Q3,184,SWEPENFND.LONGTERM.IPS.NETASSET.Q,Long term fixed income,IPS,Net assets,Long term fixed income funds: IPS (Individual Pension Saving): Net assets,,1850.61,,fund-saving-by-category-2024.xlsx,,,,
SIFA_DATA.csv,SIFA_DATA_20250212.xlsx,MISSING,2024-Q3,185,SWEPENFND.LONGTERM.UNITLINK.NETASSET.Q,Long term fixed income,Unit linked,Net assets,Long term fixed income funds: Unit linked: Net assets,,100591.78,,fund-saving-by-category-2024.xlsx,,,,
SIFA_DATA.csv,SIFA_DATA_20250212.xlsx,MISSING,2024-Q3,186,SWEPENFND.LONGTERM.PREMPENSSAVING.NETASSET.Q,Long term fixed income,Premium Pension,Net assets,Long term fixed income funds: Premium Pension Savings: Net assets,,130784.93,,fund-saving-by-category-2024.xlsx,,,,
SIFA_DATA.csv,SIFA_DATA_20250212.xlsx,MISSING,2024-Q3,187,SWEPENFND.LONGTERM.NOMIEEACC.NETASSET.Q,Long term fixed income,Nominee Accounts,Net assets,Long term fixed income funds: Nominee Accounts: Net assets,,77786.03,,fund-saving-by-category-2024.xlsx,,,,
SIFA_DATA.csv,SIFA_DATA_20250212.xlsx,MISSING,2024-Q3,188,SWEPENFND.LONGTERM.NONPROFINST.NETASSET.Q,Long term fixed income,Non profit inst.,Net assets,Long term fixed income funds: Non profit institutions serving households: Net assets,,25964.19,,fund-saving-by-category-2024.xlsx,,,,
SIFA_DATA.csv,SIFA_DATA_20250212.xlsx,MISSING,2024-Q3,189,SWEPENFND.LONGTERM.SWECORP.NETASSET.Q,Long term fixed income,Swedish corporations,Net assets,Long term fixed income funds: Swedish corporations: Net assets,,165343.96,,fund-saving-by-category-2024.xlsx,,,,
SIFA_DATA.csv,SIFA_DATA_20250212.xlsx,MISSING,2024-Q3,190,SWEPENFND.LONGTERM.OTHER.NETASSET.Q,Long term fixed income,Others,Net assets,Long term fixed income funds: Others: Net assets,,50489.83,,fund-saving-by-category-2024.xlsx,,,,
SIFA_DATA.csv,SIFA_DATA_20250212.xlsx,MISSING,2024-Q3,191,SWEPENFND.LONGTERM.TOTAL.NETASSET.Q,Long term fixed income,TOTAL,Net assets,Long term fixed income funds: TOTAL: Net assets,,634657.48,,fund-saving-by-category-2024.xlsx,,,,
SIFA_DATA.csv,SIFA_DATA_20250212.xlsx,MISSING,2024-Q3,192,SWEPENFND.LONGTERM.SWEHOUSEHOLD.NETASSETPERC.Q,Long term fixed income,Swedish households,Net assets %,"Long term fixed income funds: Swedish households, direct inv.: Net assets %",,3.78789831642731,,fund-saving-by-category-2024.xlsx,,,,
SIFA_DATA.csv,SIFA_DATA_20250212.xlsx,MISSING,2024-Q3,193,SWEPENFND.LONGTERM.ISK.NETASSETPERC.Q,Long term fixed income,ISK,Net assets %,Long term fixed income funds: ISK (Investment Savings Account): Net assets %,,9.10821534790703,,fund-saving-by-category-2024.xlsx,,,,
SIFA_DATA.csv,SIFA_DATA_20250212.xlsx,MISSING,2024-Q3,194,SWEPENFND.LONGTERM.IPS.NETASSETPERC.Q,Long term fixed income,IPS,Net assets %,Long term fixed income funds: IPS (Individual Pension Saving): Net assets %,,0.291591930815973,,fund-saving-by-category-2024.xlsx,,,,
SIFA_DATA.csv,SIFA_DATA_20250212.xlsx,MISSING,2024-Q3,195,SWEPENFND.LONGTERM.UNITLINK.NETASSETPERC.Q,Long term fixed income,Unit linked,Net assets %,Long term fixed income funds: Unit linked: Net assets %,,15.8497745902246,,fund-saving-by-category-2024.xlsx,,,,
SIFA_DATA.csv,SIFA_DATA_20250212.xlsx,MISSING,2024-Q3,196,SWEPENFND.LONGTERM.PREMPENSSAVING.NETASSETPERC.Q,Long term fixed income,Premium Pension,Net assets %,Long term fixed income funds: Premium Pension Savings: Net assets %,,20.6071675071095,,fund-saving-by-category-2024.xlsx,,,,
SIFA_DATA.csv,SIFA_DATA_20250212.xlsx,MISSING,2024-Q3,197,SWEPENFND.LONGTERM.NOMIEEACC.NETASSETPERC.Q,Long term fixed income,Nominee Accounts,Net assets %,Long term fixed income funds: Nominee Accounts: Net assets %,,12.2563796144024,,fund-saving-by-category-2024.xlsx,,,,
SIFA_DATA.csv,SIFA_DATA_20250212.xlsx,MISSING,2024-Q3,198,SWEPENFND.LONGTERM.NONPROFINST.NETASSETPERC.Q,Long term fixed income,Non profit inst.,Net assets %,Long term fixed income funds: Non profit institutions serving households: Net assets %,,4.0910555406989,,fund-saving-by-category-2024.xlsx,,,,
SIFA_DATA.csv,SIFA_DATA_20250212.xlsx,MISSING,2024-Q3,199,SWEPENFND.LONGTERM.SWECORP.NETASSETPERC.Q,Long term fixed income,Swedish corporations,Net assets %,Long term fixed income funds: Swedish corporations: Net assets %,,26.0524716418689,,fund-saving-by-category-2024.xlsx,,,,
SIFA_DATA.csv,SIFA_DATA_20250212.xlsx,MISSING,2024-Q3,200,SWEPENFND.LONGTERM.OTHER.NETASSETPERC.Q,Long term fixed income,Others,Net assets %,Long term fixed income funds: Others: Net assets %,,7.95544551054531,,fund-saving-by-category-2024.xlsx,,,,
SIFA_DATA.csv,SIFA_DATA_20250212.xlsx,MISSING,2024-Q3,201,SWEPENFND.LONGTERM.TOTAL.NETASSETPERC.Q,Long term fixed income,TOTAL,Net assets %,Long term fixed income funds: TOTAL: Net assets %,,100.0,,fund-saving-by-category-2024.xlsx,,,,
SIFA_DATA.csv,SIFA_DATA_20250212.xlsx,MISSING,2024-Q3,212,SWEPENFND.SHORTTERM.SWEHOUSEHOLD.NETSAVINGSUM.Q,Short term fixed income,Swedish households,Net savings sum,"Short term fixed income funds: Swedish households, direct inv.: Net savings sum",,-875.87,,fund-saving-by-category-2024.xlsx,,,,
SIFA_DATA.csv,SIFA_DATA_20250212.xlsx,MISSING,2024-Q3,213,SWEPENFND.SHORTTERM.ISK.NETSAVINGSUM.Q,Short term fixed income,ISK,Net savings sum,Short term fixed income funds: ISK (Investment Savings Account): Net savings sum,,-90.78,,fund-saving-by-category-2024.xlsx,,,,
SIFA_DATA.csv,SIFA_DATA_20250212.xlsx,MISSING,2024-Q3,214,SWEPENFND.SHORTTERM.IPS.NETSAVINGSUM.Q,Short term fixed income,IPS,Net savings sum,Short term fixed income funds: IPS (Individual Pension Saving): Net savings sum,,-61.5,,fund-saving-by-category-2024.xlsx,,,,
SIFA_DATA.csv,SIFA_DATA_20250212.xlsx,MISSING,2024-Q3,215,SWEPENFND.SHORTTERM.UNITLINK.NETSAVINGSUM.Q,Short term fixed income,Unit linked,Net savings sum,Short term fixed income funds: Unit linked: Net savings sum,,-2558.44,,fund-saving-by-category-2024.xlsx,,,,
SIFA_DATA.csv,SIFA_DATA_20250212.xlsx,MISSING,2024-Q3,216,SWEPENFND.SHORTTERM.PREMPENSSAVING.NETSAVINGSUM.Q,Short term fixed income,Premium Pension,Net savings sum,Short term fixed income funds: Premium Pension Savings: Net savings sum,,-1391.51,,fund-saving-by-category-2024.xlsx,,,,
SIFA_DATA.csv,SIFA_DATA_20250212.xlsx,MISSING,2024-Q3,217,SWEPENFND.SHORTTERM.NOMIEEACC.NETSAVINGSUM.Q,Short term fixed income,Nominee Accounts,Net savings sum,Short term fixed income funds: Nominee Accounts: Net savings sum,,-3375.92,,fund-saving-by-category-2024.xlsx,,,,
SIFA_DATA.csv,SIFA_DATA_20250212.xlsx,MISSING,2024-Q3,218,SWEPENFND.SHORTTERM.NONPROFINST.NETSAVINGSUM.Q,Short term fixed income,Non profit inst.,Net savings sum,Short term fixed income funds: Non profit institutions serving households: Net savings sum,,-306.15,,fund-saving-by-category-2024.xlsx,,,,
SIFA_DATA.csv,SIFA_DATA_20250212.xlsx,MISSING,2024-Q3,219,SWEPENFND.SHORTTERM.SWECORP.NETSAVINGSUM.Q,Short term fixed income,Swedish corporations,Net savings sum,Short term fixed income funds: Swedish corporations: Net savings sum,,-674.699999999995,,fund-saving-by-category-2024.xlsx,,,,
SIFA_DATA.csv,SIFA_DATA_20250212.xlsx,MISSING,2024-Q3,220,SWEPENFND.SHORTTERM.OTHER.NETSAVINGSUM.Q,Short term fixed income,Others,Net savings sum,Short term fixed income funds: Others: Net savings sum,,-623.56,,fund-saving-by-category-2024.xlsx,,,,
SIFA_DATA.csv,SIFA_DATA_20250212.xlsx,MISSING,2024-Q3,221,SWEPENFND.SHORTTERM.TOTAL.NETSAVINGSUM.Q,Short term fixed income,TOTAL,Net savings sum,Short term fixed income funds: TOTAL: Net savings sum,,-9958.42999999999,,fund-saving-by-category-2024.xlsx,,,,
SIFA_DATA.csv,SIFA_DATA_20250212.xlsx,MISSING,2024-Q3,222,SWEPENFND.SHORTTERM.SWEHOUSEHOLD.NETSAVINGPERC.Q,Short term fixed income,Swedish households,Net savings %,"Short term fixed income funds: Swedish households, direct inv.: Net savings %",,8.79526190373383,,fund-saving-by-category-2024.xlsx,,,,
SIFA_DATA.csv,SIFA_DATA_20250212.xlsx,MISSING,2024-Q3,223,SWEPENFND.SHORTTERM.ISK.NETSAVINGPERC.Q,Short term fixed income,ISK,Net savings %,Short term fixed income funds: ISK (Investment Savings Account): Net savings %,,0.911589477457792,,fund-saving-by-category-2024.xlsx,,,,
SIFA_DATA.csv,SIFA_DATA_20250212.xlsx,MISSING,2024-Q3,224,SWEPENFND.SHORTTERM.IPS.NETSAVINGPERC.Q,Short term fixed income,IPS,Net savings %,Short term fixed income funds: IPS (Individual Pension Saving): Net savings %,,0.617567226962483,,fund-saving-by-category-2024.xlsx,,,,
SIFA_DATA.csv,SIFA_DATA_20250212.xlsx,MISSING,2024-Q3,225,SWEPENFND.SHORTTERM.UNITLINK.NETSAVINGPERC.Q,Short term fixed income,Unit linked,Net savings %,Short term fixed income funds: Unit linked: Net savings %,,25.6911983113804,,fund-saving-by-category-2024.xlsx,,,,
SIFA_DATA.csv,SIFA_DATA_20250212.xlsx,MISSING,2024-Q3,226,SWEPENFND.SHORTTERM.PREMPENSSAVING.NETSAVINGPERC.Q,Short term fixed income,Premium Pension,Net savings %,Short term fixed income funds: Premium Pension Savings: Net savings %,,13.973186536432,,fund-saving-by-category-2024.xlsx,,,,
SIFA_DATA.csv,SIFA_DATA_20250212.xlsx,MISSING,2024-Q3,227,SWEPENFND.SHORTTERM.NOMIEEACC.NETSAVINGPERC.Q,Short term fixed income,Nominee Accounts,Net savings %,Short term fixed income funds: Nominee Accounts: Net savings %,,33.9001228105234,,fund-saving-by-category-2024.xlsx,,,,
SIFA_DATA.csv,SIFA_DATA_20250212.xlsx,MISSING,2024-Q3,228,SWEPENFND.SHORTTERM.NONPROFINST.NETSAVINGPERC.Q,Short term fixed income,Non profit inst.,Net savings %,Short term fixed income funds: Non profit institutions serving households: Net savings %,,3.07427978104983,,fund-saving-by-category-2024.xlsx,,,,
SIFA_DATA.csv,SIFA_DATA_20250212.xlsx,MISSING,2024-Q3,229,SWEPENFND.SHORTTERM.SWECORP.NETSAVINGPERC.Q,Short term fixed income,Swedish corporations,Net savings %,Short term fixed income funds: Swedish corporations: Net savings %,,6.77516435823715,,fund-saving-by-category-2024.xlsx,,,,
SIFA_DATA.csv,SIFA_DATA_20250212.xlsx,MISSING,2024-Q3,230,SWEPENFND.SHORTTERM.OTHER.NETSAVINGPERC.Q,Short term fixed income,Others,Net savings %,Short term fixed income funds: Others: Net savings %,,6.26162959422319,,fund-saving-by-category-2024.xlsx,,,,
SIFA_DATA.csv,SIFA_DATA_20250212.xlsx,MISSING,2024-Q3,231,SWEPENFND.SHORTTERM.TOTAL.NETSAVINGPERC.Q,Short term fixed income,TOTAL,Net savings %,Short term fixed income funds: TOTAL: Net savings %,,100.0,,fund-saving-by-category-2024.xlsx,,,,
SIFA_DATA.csv,SIFA_DATA_20250212.xlsx,MISSING,2024-Q3,232,SWEPENFND.SHORTTERM.SWEHOUSEHOLD.NETASSET.Q,Short term fixed income,Swedish households,Net assets,"Short term fixed income funds: Swedish households, direct inv.: Net assets",,33829.67,,fund-saving-by-category-2024.xlsx,,,,
SIFA_DATA.csv,SIFA_DATA_20250212.xlsx,MISSING,2024-Q3,233,SWEPENFND.SHORTTERM.ISK.NETASSET.Q,Short term fixed income,ISK,Net assets,Short term fixed income funds: ISK (Investment Savings Account): Net assets,,5416.14,,fund-saving-by-category-2024.xlsx,,,,
SIFA_DATA.csv,SIFA_DATA_20250212.xlsx,MISSING,2024-Q3,234,SWEPENFND.SHORTTERM.IPS.NETASSET.Q,Short term fixed income,IPS,Net assets,Short term fixed income funds: IPS (Individual Pension Saving): Net assets,,1561.28,,fund-saving-by-category-2024.xlsx,,,,
SIFA_DATA.csv,SIFA_DATA_20250212.xlsx,MISSING,2024-Q3,235,SWEPENFND.SHORTTERM.UNITLINK.NETASSET.Q,Short term fixed income,Unit linked,Net assets,Short term fixed income funds: Unit linked: Net assets,,59070.78,,fund-saving-by-category-2024.xlsx,,,,
SIFA_DATA.csv,SIFA_DATA_20250212.xlsx,MISSING,2024-Q3,236,SWEPENFND.SHORTTERM.PREMPENSSAVING.NETASSET.Q,Short term fixed income,Premium Pension,Net assets,Short term fixed income funds: Premium Pension Savings: Net assets,,10838.74,,fund-saving-by-category-2024.xlsx,,,,
SIFA_DATA.csv,SIFA_DATA_20250212.xlsx,MISSING,2024-Q3,237,SWEPENFND.SHORTTERM.NOMIEEACC.NETASSET.Q,Short term fixed income,Nominee Accounts,Net assets,Short term fixed income funds: Nominee Accounts: Net assets,,78262.58,,fund-saving-by-category-2024.xlsx,,,,
SIFA_DATA.csv,SIFA_DATA_20250212.xlsx,MISSING,2024-Q3,238,SWEPENFND.SHORTTERM.NONPROFINST.NETASSET.Q,Short term fixed income,Non profit inst.,Net assets,Short term fixed income funds: Non profit institutions serving households: Net assets,,7823.19,,fund-saving-by-category-2024.xlsx,,,,
SIFA_DATA.csv,SIFA_DATA_20250212.xlsx,MISSING,2024-Q3,239,SWEPENFND.SHORTTERM.SWECORP.NETASSET.Q,Short term fixed income,Swedish corporations,Net assets,Short term fixed income funds: Swedish corporations: Net assets,,89630.22,,fund-saving-by-category-2024.xlsx,,,,
SIFA_DATA.csv,SIFA_DATA_20250212.xlsx,MISSING,2024-Q3,240,SWEPENFND.SHORTTERM.OTHER.NETASSET.Q,Short term fixed income,Others,Net assets,Short term fixed income funds: Others: Net assets,,13530.21,,fund-saving-by-category-2024.xlsx,,,,
SIFA_DATA.csv,SIFA_DATA_20250212.xlsx,MISSING,2024-Q3,241,SWEPENFND.SHORTTERM.TOTAL.NETASSET.Q,Short term fixed income,TOTAL,Net assets,Short term fixed income funds: TOTAL: Net assets,,299962.81,,fund-saving-by-category-2024.xlsx,,,,
SIFA_DATA.csv,SIFA_DATA_20250212.xlsx,MISSING,2024-Q3,242,SWEPENFND.SHORTTERM.SWEHOUSEHOLD.NETASSETPERC.Q,Short term fixed income,Swedish households,Net assets %,"Short term fixed income funds: Swedish households, direct inv.: Net assets %",,11.2779547571247,,fund-saving-by-category-2024.xlsx,,,,
SIFA_DATA.csv,SIFA_DATA_20250212.xlsx,MISSING,2024-Q3,243,SWEPENFND.SHORTTERM.ISK.NETASSETPERC.Q,Short term fixed income,ISK,Net assets %,Short term fixed income funds: ISK (Investment Savings Account): Net assets %,,1.80560383468871,,fund-saving-by-category-2024.xlsx,,,,
SIFA_DATA.csv,SIFA_DATA_20250212.xlsx,MISSING,2024-Q3,244,SWEPENFND.SHORTTERM.IPS.NETASSETPERC.Q,Short term fixed income,IPS,Net assets %,Short term fixed income funds: IPS (Individual Pension Saving): Net assets %,,0.520491190224548,,fund-saving-by-category-2024.xlsx,,,,
SIFA_DATA.csv,SIFA_DATA_20250212.xlsx,MISSING,2024-Q3,245,SWEPENFND.SHORTTERM.UNITLINK.NETASSETPERC.Q,Short term fixed income,Unit linked,Net assets %,Short term fixed income funds: Unit linked: Net assets %,,19.6927012385302,,fund-saving-by-category-2024.xlsx,,,,
SIFA_DATA.csv,SIFA_DATA_20250212.xlsx,MISSING,2024-Q3,246,SWEPENFND.SHORTTERM.PREMPENSSAVING.NETASSETPERC.Q,Short term fixed income,Premium Pension,Net assets %,Short term fixed income funds: Premium Pension Savings: Net assets %,,3.6133612696854,,fund-saving-by-category-2024.xlsx,,,,
SIFA_DATA.csv,SIFA_DATA_20250212.xlsx,MISSING,2024-Q3,247,SWEPENFND.SHORTTERM.NOMIEEACC.NETASSETPERC.Q,Short term fixed income,Nominee Accounts,Net assets %,Short term fixed income funds: Nominee Accounts: Net assets %,,26.090761051345,,fund-saving-by-category-2024.xlsx,,,,
SIFA_DATA.csv,SIFA_DATA_20250212.xlsx,MISSING,2024-Q3,248,SWEPENFND.SHORTTERM.NONPROFINST.NETASSETPERC.Q,Short term fixed income,Non profit inst.,Net assets %,Short term fixed income funds: Non profit institutions serving households: Net assets %,,2.60805331167554,,fund-saving-by-category-2024.xlsx,,,,
SIFA_DATA.csv,SIFA_DATA_20250212.xlsx,MISSING,2024-Q3,249,SWEPENFND.SHORTTERM.SWECORP.NETASSETPERC.Q,Short term fixed income,Swedish corporations,Net assets %,Short term fixed income funds: Swedish corporations: Net assets %,,29.8804441790634,,fund-saving-by-category-2024.xlsx,,,,
SIFA_DATA.csv,SIFA_DATA_20250212.xlsx,MISSING,2024-Q3,250,SWEPENFND.SHORTTERM.OTHER.NETASSETPERC.Q,Short term fixed income,Others,Net assets %,Short term fixed income funds: Others: Net assets %,,4.51062916766248,,fund-saving-by-category-2024.xlsx,,,,
SIFA_DATA.csv,SIFA_DATA_20250212.xlsx,MISSING,2024-Q3,251,SWEPENFND.SHORTTERM.TOTAL.NETASSETPERC.Q,Short term fixed income,TOTAL,Net assets %,Short term fixed income funds: TOTAL: Net assets %,,100.0,,fund-saving-by-category-2024.xlsx,,,,
SIFA_DATA.csv,SIFA_DATA_20250212.xlsx,MISSING,2024-Q3,262,SWEPENFND.HEDGEFUND.SWEHOUSEHOLD.NETSAVINGSUM.Q,Hedge funds,Swedish households,Net savings sum,"Hedge funds: Swedish households, direct inv.: Net savings sum",,-172.89,,fund-saving-by-category-2024.xlsx,,,,
SIFA_DATA.csv,SIFA_DATA_20250212.xlsx,MISSING,2024-Q3,263,SWEPENFND.HEDGEFUND.ISK.NETSAVINGSUM.Q,Hedge funds,ISK,Net savings sum,Hedge funds: ISK (Investment Savings Account): Net savings sum,,-1075.71,,fund-saving-by-category-2024.xlsx,,,,
SIFA_DATA.csv,SIFA_DATA_20250212.xlsx,MISSING,2024-Q3,264,SWEPENFND.HEDGEFUND.IPS.NETSAVINGSUM.Q,Hedge funds,IPS,Net savings sum,Hedge funds: IPS (Individual Pension Saving): Net savings sum,,-7.36,,fund-saving-by-category-2024.xlsx,,,,
SIFA_DATA.csv,SIFA_DATA_20250212.xlsx,MISSING,2024-Q3,265,SWEPENFND.HEDGEFUND.UNITLINK.NETSAVINGSUM.Q,Hedge funds,Unit linked,Net savings sum,Hedge funds: Unit linked: Net savings sum,,-80.04,,fund-saving-by-category-2024.xlsx,,,,
SIFA_DATA.csv,SIFA_DATA_20250212.xlsx,MISSING,2024-Q3,266,SWEPENFND.HEDGEFUND.PREMPENSSAVING.NETSAVINGSUM.Q,Hedge funds,Premium Pension,Net savings sum,Hedge funds: Premium Pension Savings: Net savings sum,,-36.06,,fund-saving-by-category-2024.xlsx,,,,
SIFA_DATA.csv,SIFA_DATA_20250212.xlsx,MISSING,2024-Q3,267,SWEPENFND.HEDGEFUND.NOMIEEACC.NETSAVINGSUM.Q,Hedge funds,Nominee Accounts,Net savings sum,Hedge funds: Nominee Accounts: Net savings sum,,-15.42,,fund-saving-by-category-2024.xlsx,,,,
SIFA_DATA.csv,SIFA_DATA_20250212.xlsx,MISSING,2024-Q3,268,SWEPENFND.HEDGEFUND.NONPROFINST.NETSAVINGSUM.Q,Hedge funds,Non profit inst.,Net savings sum,Hedge funds: Non profit institutions serving households: Net savings sum,,-196.03,,fund-saving-by-category-2024.xlsx,,,,
SIFA_DATA.csv,SIFA_DATA_20250212.xlsx,MISSING,2024-Q3,269,SWEPENFND.HEDGEFUND.SWECORP.NETSAVINGSUM.Q,Hedge funds,Swedish corporations,Net savings sum,Hedge funds: Swedish corporations: Net savings sum,,-1144.72,,fund-saving-by-category-2024.xlsx,,,,
SIFA_DATA.csv,SIFA_DATA_20250212.xlsx,MISSING,2024-Q3,270,SWEPENFND.HEDGEFUND.OTHER.NETSAVINGSUM.Q,Hedge funds,Others,Net savings sum,Hedge funds: Others: Net savings sum,,-117.0,,fund-saving-by-category-2024.xlsx,,,,
SIFA_DATA.csv,SIFA_DATA_20250212.xlsx,MISSING,2024-Q3,271,SWEPENFND.HEDGEFUND.TOTAL.NETSAVINGSUM.Q,Hedge funds,TOTAL,Net savings sum,Hedge funds: TOTAL: Net savings sum,,-2845.23,,fund-saving-by-category-2024.xlsx,,,,
SIFA_DATA.csv,SIFA_DATA_20250212.xlsx,MISSING,2024-Q3,272,SWEPENFND.HEDGEFUND.SWEHOUSEHOLD.NETSAVINGPERC.Q,Hedge funds,Swedish households,Net savings %,"Hedge funds: Swedish households, direct inv.: Net savings %",,6.07648590799338,,fund-saving-by-category-2024.xlsx,,,,
SIFA_DATA.csv,SIFA_DATA_20250212.xlsx,MISSING,2024-Q3,273,SWEPENFND.HEDGEFUND.ISK.NETSAVINGPERC.Q,Hedge funds,ISK,Net savings %,Hedge funds: ISK (Investment Savings Account): Net savings %,,37.8074883225609,,fund-saving-by-category-2024.xlsx,,,,
SIFA_DATA.csv,SIFA_DATA_20250212.xlsx,MISSING,2024-Q3,274,SWEPENFND.HEDGEFUND.IPS.NETSAVINGPERC.Q,Hedge funds,IPS,Net savings %,Hedge funds: IPS (Individual Pension Saving): Net savings %,,0.258678560256992,,fund-saving-by-category-2024.xlsx,,,,
SIFA_DATA.csv,SIFA_DATA_20250212.xlsx,MISSING,2024-Q3,275,SWEPENFND.HEDGEFUND.UNITLINK.NETSAVINGPERC.Q,Hedge funds,Unit linked,Net savings %,Hedge funds: Unit linked: Net savings %,,2.81312934279478,,fund-saving-by-category-2024.xlsx,,,,
SIFA_DATA.csv,SIFA_DATA_20250212.xlsx,MISSING,2024-Q3,276,SWEPENFND.HEDGEFUND.PREMPENSSAVING.NETSAVINGPERC.Q,Hedge funds,Premium Pension,Net savings %,Hedge funds: Premium Pension Savings: Net savings %,,1.26738435908521,,fund-saving-by-category-2024.xlsx,,,,
SIFA_DATA.csv,SIFA_DATA_20250212.xlsx,MISSING,2024-Q3,277,SWEPENFND.HEDGEFUND.NOMIEEACC.NETSAVINGPERC.Q,Hedge funds,Nominee Accounts,Net savings %,Hedge funds: Nominee Accounts: Net savings %,,0.541959700973208,,fund-saving-by-category-2024.xlsx,,,,
SIFA_DATA.csv,SIFA_DATA_20250212.xlsx,MISSING,2024-Q3,278,SWEPENFND.HEDGEFUND.NONPROFINST.NETSAVINGPERC.Q,Hedge funds,Non profit inst.,Net savings %,Hedge funds: Non profit institutions serving households: Net savings %,,6.88977692488832,,fund-saving-by-category-2024.xlsx,,,,
SIFA_DATA.csv,SIFA_DATA_20250212.xlsx,MISSING,2024-Q3,279,SWEPENFND.HEDGEFUND.SWECORP.NETSAVINGPERC.Q,Hedge funds,Swedish corporations,Net savings %,Hedge funds: Swedish corporations: Net savings %,,40.2329512904054,,fund-saving-by-category-2024.xlsx,,,,
SIFA_DATA.csv,SIFA_DATA_20250212.xlsx,MISSING,2024-Q3,280,SWEPENFND.HEDGEFUND.OTHER.NETSAVINGPERC.Q,Hedge funds,Others,Net savings %,Hedge funds: Others: Net savings %,,4.11214559104185,,fund-saving-by-category-2024.xlsx,,,,
SIFA_DATA.csv,SIFA_DATA_20250212.xlsx,MISSING,2024-Q3,281,SWEPENFND.HEDGEFUND.TOTAL.NETSAVINGPERC.Q,Hedge funds,TOTAL,Net savings %,Hedge funds: TOTAL: Net savings %,,100.0,,fund-saving-by-category-2024.xlsx,,,,
SIFA_DATA.csv,SIFA_DATA_20250212.xlsx,MISSING,2024-Q3,282,SWEPENFND.HEDGEFUND.SWEHOUSEHOLD.NETASSET.Q,Hedge funds,Swedish households,Net assets,"Hedge funds: Swedish households, direct inv.: Net assets",,1472.62,,fund-saving-by-category-2024.xlsx,,,,
SIFA_DATA.csv,SIFA_DATA_20250212.xlsx,MISSING,2024-Q3,283,SWEPENFND.HEDGEFUND.ISK.NETASSET.Q,Hedge funds,ISK,Net assets,Hedge funds: ISK (Investment Savings Account): Net assets,,4933.96,,fund-saving-by-category-2024.xlsx,,,,
SIFA_DATA.csv,SIFA_DATA_20250212.xlsx,MISSING,2024-Q3,284,SWEPENFND.HEDGEFUND.IPS.NETASSET.Q,Hedge funds,IPS,Net assets,Hedge funds: IPS (Individual Pension Saving): Net assets,,286.27,,fund-saving-by-category-2024.xlsx,,,,
SIFA_DATA.csv,SIFA_DATA_20250212.xlsx,MISSING,2024-Q3,285,SWEPENFND.HEDGEFUND.UNITLINK.NETASSET.Q,Hedge funds,Unit linked,Net assets,Hedge funds: Unit linked: Net assets,,1766.31,,fund-saving-by-category-2024.xlsx,,,,
SIFA_DATA.csv,SIFA_DATA_20250212.xlsx,MISSING,2024-Q3,286,SWEPENFND.HEDGEFUND.PREMPENSSAVING.NETASSET.Q,Hedge funds,Premium Pension,Net assets,Hedge funds: Premium Pension Savings: Net assets,,237.96,,fund-saving-by-category-2024.xlsx,,,,
SIFA_DATA.csv,SIFA_DATA_20250212.xlsx,MISSING,2024-Q3,287,SWEPENFND.HEDGEFUND.NOMIEEACC.NETASSET.Q,Hedge funds,Nominee Accounts,Net assets,Hedge funds: Nominee Accounts: Net assets,,1877.73,,fund-saving-by-category-2024.xlsx,,,,
SIFA_DATA.csv,SIFA_DATA_20250212.xlsx,MISSING,2024-Q3,288,SWEPENFND.HEDGEFUND.NONPROFINST.NETASSET.Q,Hedge funds,Non profit inst.,Net assets,Hedge funds: Non profit institutions serving households: Net assets,,1159.16,,fund-saving-by-category-2024.xlsx,,,,
SIFA_DATA.csv,SIFA_DATA_20250212.xlsx,MISSING,2024-Q3,289,SWEPENFND.HEDGEFUND.SWECORP.NETASSET.Q,Hedge funds,Swedish corporations,Net assets,Hedge funds: Swedish corporations: Net assets,,7653.9,,fund-saving-by-category-2024.xlsx,,,,
SIFA_DATA.csv,SIFA_DATA_20250212.xlsx,MISSING,2024-Q3,290,SWEPENFND.HEDGEFUND.OTHER.NETASSET.Q,Hedge funds,Others,Net assets,Hedge funds: Others: Net assets,,1075.25,,fund-saving-by-category-2024.xlsx,,,,
SIFA_DATA.csv,SIFA_DATA_20250212.xlsx,MISSING,2024-Q3,291,SWEPENFND.HEDGEFUND.TOTAL.NETASSET.Q,Hedge funds,TOTAL,Net assets,Hedge funds: TOTAL: Net assets,,20463.16,,fund-saving-by-category-2024.xlsx,,,,
SIFA_DATA.csv,SIFA_DATA_20250212.xlsx,MISSING,2024-Q3,292,SWEPENFND.HEDGEFUND.SWEHOUSEHOLD.NETASSETPERC.Q,Hedge funds,Swedish households,Net assets %,"Hedge funds: Swedish households, direct inv.: Net assets %",,7.19644473287606,,fund-saving-by-category-2024.xlsx,,,,
SIFA_DATA.csv,SIFA_DATA_20250212.xlsx,MISSING,2024-Q3,293,SWEPENFND.HEDGEFUND.ISK.NETASSETPERC.Q,Hedge funds,ISK,Net assets %,Hedge funds: ISK (Investment Savings Account): Net assets %,,24.1114275605527,,fund-saving-by-category-2024.xlsx,,,,
SIFA_DATA.csv,SIFA_DATA_20250212.xlsx,MISSING,2024-Q3,294,SWEPENFND.HEDGEFUND.IPS.NETASSETPERC.Q,Hedge funds,IPS,Net assets %,Hedge funds: IPS (Individual Pension Saving): Net assets %,,1.3989530453752,,fund-saving-by-category-2024.xlsx,,,,
SIFA_DATA.csv,SIFA_DATA_20250212.xlsx,MISSING,2024-Q3,295,SWEPENFND.HEDGEFUND.UNITLINK.NETASSETPERC.Q,Hedge funds,Unit linked,Net assets %,Hedge funds: Unit linked: Net assets %,,8.63165806258662,,fund-saving-by-category-2024.xlsx,,,,
SIFA_DATA.csv,SIFA_DATA_20250212.xlsx,MISSING,2024-Q3,296,SWEPENFND.HEDGEFUND.PREMPENSSAVING.NETASSETPERC.Q,Hedge funds,Premium Pension,Net assets %,Hedge funds: Premium Pension Savings: Net assets %,,1.16287025073351,,fund-saving-by-category-2024.xlsx,,,,
SIFA_DATA.csv,SIFA_DATA_20250212.xlsx,MISSING,2024-Q3,297,SWEPENFND.HEDGEFUND.NOMIEEACC.NETASSETPERC.Q,Hedge funds,Nominee Accounts,Net assets %,Hedge funds: Nominee Accounts: Net assets %,,9.1761487473098,,fund-saving-by-category-2024.xlsx,,,,
SIFA_DATA.csv,SIFA_DATA_20250212.xlsx,MISSING,2024-Q3,298,SWEPENFND.HEDGEFUND.NONPROFINST.NETASSETPERC.Q,Hedge funds,Non profit inst.,Net assets %,Hedge funds: Non profit institutions serving households: Net assets %,,5.66461875878408,,fund-saving-by-category-2024.xlsx,,,,
SIFA_DATA.csv,SIFA_DATA_20250212.xlsx,MISSING,2024-Q3,299,SWEPENFND.HEDGEFUND.SWECORP.NETASSETPERC.Q,Hedge funds,Swedish corporations,Net assets %,Hedge funds: Swedish corporations: Net assets %,,37.403314053157,,fund-saving-by-category-2024.xlsx,,,,
SIFA_DATA.csv,SIFA_DATA_20250212.xlsx,MISSING,2024-Q3,300,SWEPENFND.HEDGEFUND.OTHER.NETASSETPERC.Q,Hedge funds,Others,Net assets %,Hedge funds: Others: Net assets %,,5.25456478862502,,fund-saving-by-category-2024.xlsx,,,,
SIFA_DATA.csv,SIFA_DATA_20250212.xlsx,MISSING,2024-Q3,301,SWEPENFND.HEDGEFUND.TOTAL.NETASSETPERC.Q,Hedge funds,TOTAL,Net assets %,Hedge funds: TOTAL: Net assets %,,100.0,,fund-saving-by-category-2024.xlsx,,,,
SIFA_DATA.csv,SIFA_DATA_20250212.xlsx,MISSING,2024-Q3,312,SWEPENFND.OTHERFUND.SWEHOUSEHOLD.NETSAVINGSUM.Q,Other funds,Swedish households,Net savings sum,"Other funds: Swedish households, direct inv.: Net savings sum",,-215.5,,fund-saving-by-category-2024.xlsx,,,,
SIFA_DATA.csv,SIFA_DATA_20250212.xlsx,MISSING,2024-Q3,313,SWEPENFND.OTHERFUND.ISK.NETSAVINGSUM.Q,Other funds,ISK,Net savings sum,Other funds: ISK (Investment Savings Account): Net savings sum,,-0.51,,fund-saving-by-category-2024.xlsx,,,,
SIFA_DATA.csv,SIFA_DATA_20250212.xlsx,MISSING,2024-Q3,314,SWEPENFND.OTHERFUND.IPS.NETSAVINGSUM.Q,Other funds,IPS,Net savings sum,Other funds: IPS (Individual Pension Saving): Net savings sum,,-0.77,,fund-saving-by-category-2024.xlsx,,,,
SIFA_DATA.csv,SIFA_DATA_20250212.xlsx,MISSING,2024-Q3,315,SWEPENFND.OTHERFUND.UNITLINK.NETSAVINGSUM.Q,Other funds,Unit linked,Net savings sum,Other funds: Unit linked: Net savings sum,,-3.5,,fund-saving-by-category-2024.xlsx,,,,
SIFA_DATA.csv,SIFA_DATA_20250212.xlsx,MISSING,2024-Q3,316,SWEPENFND.OTHERFUND.PREMPENSSAVING.NETSAVINGSUM.Q,Other funds,Premium Pension,Net savings sum,Other funds: Premium Pension Savings: Net savings sum,,0.0,,fund-saving-by-category-2024.xlsx,,,,
SIFA_DATA.csv,SIFA_DATA_20250212.xlsx,MISSING,2024-Q3,317,SWEPENFND.OTHERFUND.NOMIEEACC.NETSAVINGSUM.Q,Other funds,Nominee Accounts,Net savings sum,Other funds: Nominee Accounts: Net savings sum,,0.31,,fund-saving-by-category-2024.xlsx,,,,
SIFA_DATA.csv,SIFA_DATA_20250212.xlsx,MISSING,2024-Q3,318,SWEPENFND.OTHERFUND.NONPROFINST.NETSAVINGSUM.Q,Other funds,Non profit inst.,Net savings sum,Other funds: Non profit institutions serving households: Net savings sum,,3.84,,fund-saving-by-category-2024.xlsx,,,,
SIFA_DATA.csv,SIFA_DATA_20250212.xlsx,MISSING,2024-Q3,319,SWEPENFND.OTHERFUND.SWECORP.NETSAVINGSUM.Q,Other funds,Swedish corporations,Net savings sum,Other funds: Swedish corporations: Net savings sum,,364.86,,fund-saving-by-category-2024.xlsx,,,,
SIFA_DATA.csv,SIFA_DATA_20250212.xlsx,MISSING,2024-Q3,320,SWEPENFND.OTHERFUND.OTHER.NETSAVINGSUM.Q,Other funds,Others,Net savings sum,Other funds: Others: Net savings sum,,-7.94999999999999,,fund-saving-by-category-2024.xlsx,,,,
SIFA_DATA.csv,SIFA_DATA_20250212.xlsx,MISSING,2024-Q3,321,SWEPENFND.OTHERFUND.TOTAL.NETSAVINGSUM.Q,Other funds,TOTAL,Net savings sum,Other funds: TOTAL: Net savings sum,,140.78,,fund-saving-by-category-2024.xlsx,,,,
SIFA_DATA.csv,SIFA_DATA_20250212.xlsx,MISSING,2024-Q3,322,SWEPENFND.OTHERFUND.SWEHOUSEHOLD.NETSAVINGPERC.Q,Other funds,Swedish households,Net savings %,"Other funds: Swedish households, direct inv.: Net savings %",,-153.075720983094,,fund-saving-by-category-2024.xlsx,,,,
SIFA_DATA.csv,SIFA_DATA_20250212.xlsx,MISSING,2024-Q3,323,SWEPENFND.OTHERFUND.ISK.NETSAVINGPERC.Q,Other funds,ISK,Net savings %,Other funds: ISK (Investment Savings Account): Net savings %,,-0.362267367523796,,fund-saving-by-category-2024.xlsx,,,,
SIFA_DATA.csv,SIFA_DATA_20250212.xlsx,MISSING,2024-Q3,324,SWEPENFND.OTHERFUND.IPS.NETSAVINGPERC.Q,Other funds,IPS,Net savings %,Other funds: IPS (Individual Pension Saving): Net savings %,,-0.546952692143771,,fund-saving-by-category-2024.xlsx,,,,
SIFA_DATA.csv,SIFA_DATA_20250212.xlsx,MISSING,2024-Q3,325,SWEPENFND.OTHERFUND.UNITLINK.NETSAVINGPERC.Q,Other funds,Unit linked,Net savings %,Other funds: Unit linked: Net savings %,,-2.4861486006535,,fund-saving-by-category-2024.xlsx,,,,
SIFA_DATA.csv,SIFA_DATA_20250212.xlsx,MISSING,2024-Q3,326,SWEPENFND.OTHERFUND.PREMPENSSAVING.NETSAVINGPERC.Q,Other funds,Premium Pension,Net savings %,Other funds: Premium Pension Savings: Net savings %,,0.0,,fund-saving-by-category-2024.xlsx,,,,
SIFA_DATA.csv,SIFA_DATA_20250212.xlsx,MISSING,2024-Q3,327,SWEPENFND.OTHERFUND.NOMIEEACC.NETSAVINGPERC.Q,Other funds,Nominee Accounts,Net savings %,Other funds: Nominee Accounts: Net savings %,,0.220201733200739,,fund-saving-by-category-2024.xlsx,,,,
SIFA_DATA.csv,SIFA_DATA_20250212.xlsx,MISSING,2024-Q3,328,SWEPENFND.OTHERFUND.NONPROFINST.NETSAVINGPERC.Q,Other funds,Non profit inst.,Net savings %,Other funds: Non profit institutions serving households: Net savings %,,2.7276601790027,,fund-saving-by-category-2024.xlsx,,,,
SIFA_DATA.csv,SIFA_DATA_20250212.xlsx,MISSING,2024-Q3,329,SWEPENFND.OTHERFUND.SWECORP.NETSAVINGPERC.Q,Other funds,Swedish corporations,Net savings %,Other funds: Swedish corporations: Net savings %,,259.170336695553,,fund-saving-by-category-2024.xlsx,,,,
SIFA_DATA.csv,SIFA_DATA_20250212.xlsx,MISSING,2024-Q3,330,SWEPENFND.OTHERFUND.OTHER.NETSAVINGPERC.Q,Other funds,Others,Net savings %,Other funds: Others: Net savings %,,-5.64710896434152,,fund-saving-by-category-2024.xlsx,,,,
SIFA_DATA.csv,SIFA_DATA_20250212.xlsx,MISSING,2024-Q3,331,SWEPENFND.OTHERFUND.TOTAL.NETSAVINGPERC.Q,Other funds,TOTAL,Net savings %,Other funds: TOTAL: Net savings %,,100.0,,fund-saving-by-category-2024.xlsx,,,,
SIFA_DATA.csv,SIFA_DATA_20250212.xlsx,MISSING,2024-Q3,332,SWEPENFND.OTHERFUND.SWEHOUSEHOLD.NETASSET.Q,Other funds,Swedish households,Net assets,"Other funds: Swedish households, direct inv.: Net assets",,5730.4,,fund-saving-by-category-2024.xlsx,,,,
SIFA_DATA.csv,SIFA_DATA_20250212.xlsx,MISSING,2024-Q3,333,SWEPENFND.OTHERFUND.ISK.NETASSET.Q,Other funds,ISK,Net assets,Other funds: ISK (Investment Savings Account): Net assets,,141.74,,fund-saving-by-category-2024.xlsx,,,,
SIFA_DATA.csv,SIFA_DATA_20250212.xlsx,MISSING,2024-Q3,334,SWEPENFND.OTHERFUND.IPS.NETASSET.Q,Other funds,IPS,Net assets,Other funds: IPS (Individual Pension Saving): Net assets,,59.27,,fund-saving-by-category-2024.xlsx,,,,
SIFA_DATA.csv,SIFA_DATA_20250212.xlsx,MISSING,2024-Q3,335,SWEPENFND.OTHERFUND.UNITLINK.NETASSET.Q,Other funds,Unit linked,Net assets,Other funds: Unit linked: Net assets,,5647.03,,fund-saving-by-category-2024.xlsx,,,,
SIFA_DATA.csv,SIFA_DATA_20250212.xlsx,MISSING,2024-Q3,336,SWEPENFND.OTHERFUND.PREMPENSSAVING.NETASSET.Q,Other funds,Premium Pension,Net assets,Other funds: Premium Pension Savings: Net assets,,0.0,,fund-saving-by-category-2024.xlsx,,,,
SIFA_DATA.csv,SIFA_DATA_20250212.xlsx,MISSING,2024-Q3,337,SWEPENFND.OTHERFUND.NOMIEEACC.NETASSET.Q,Other funds,Nominee Accounts,Net assets,Other funds: Nominee Accounts: Net assets,,41.69,,fund-saving-by-category-2024.xlsx,,,,
SIFA_DATA.csv,SIFA_DATA_20250212.xlsx,MISSING,2024-Q3,338,SWEPENFND.OTHERFUND.NONPROFINST.NETASSET.Q,Other funds,Non profit inst.,Net assets,Other funds: Non profit institutions serving households: Net assets,,2170.71,,fund-saving-by-category-2024.xlsx,,,,
SIFA_DATA.csv,SIFA_DATA_20250212.xlsx,MISSING,2024-Q3,339,SWEPENFND.OTHERFUND.SWECORP.NETASSET.Q,Other funds,Swedish corporations,Net assets,Other funds: Swedish corporations: Net assets,,20918.62,,fund-saving-by-category-2024.xlsx,,,,
SIFA_DATA.csv,SIFA_DATA_20250212.xlsx,MISSING,2024-Q3,340,SWEPENFND.OTHERFUND.OTHER.NETASSET.Q,Other funds,Others,Net assets,Other funds: Others: Net assets,,3005.11,,fund-saving-by-category-2024.xlsx,,,,
SIFA_DATA.csv,SIFA_DATA_20250212.xlsx,MISSING,2024-Q3,341,SWEPENFND.OTHERFUND.TOTAL.NETASSET.Q,Other funds,TOTAL,Net assets,Other funds: TOTAL: Net assets,,37714.57,,fund-saving-by-category-2024.xlsx,,,,
SIFA_DATA.csv,SIFA_DATA_20250212.xlsx,MISSING,2024-Q3,342,SWEPENFND.OTHERFUND.SWEHOUSEHOLD.NETASSETPERC.Q,Other funds,Swedish households,Net assets %,"Other funds: Swedish households, direct inv.: Net assets %",,15.1941278927481,,fund-saving-by-category-2024.xlsx,,,,
SIFA_DATA.csv,SIFA_DATA_20250212.xlsx,MISSING,2024-Q3,343,SWEPENFND.OTHERFUND.ISK.NETASSETPERC.Q,Other funds,ISK,Net assets %,Other funds: ISK (Investment Savings Account): Net assets %,,0.375822924668106,,fund-saving-by-category-2024.xlsx,,,,
SIFA_DATA.csv,SIFA_DATA_20250212.xlsx,MISSING,2024-Q3,344,SWEPENFND.OTHERFUND.IPS.NETASSETPERC.Q,Other funds,IPS,Net assets %,Other funds: IPS (Individual Pension Saving): Net assets %,,0.157154118421607,,fund-saving-by-category-2024.xlsx,,,,
SIFA_DATA.csv,SIFA_DATA_20250212.xlsx,MISSING,2024-Q3,345,SWEPENFND.OTHERFUND.UNITLINK.NETASSETPERC.Q,Other funds,Unit linked,Net assets %,Other funds: Unit linked: Net assets %,,14.9730727408532,,fund-saving-by-category-2024.xlsx,,,,
SIFA_DATA.csv,SIFA_DATA_20250212.xlsx,MISSING,2024-Q3,346,SWEPENFND.OTHERFUND.PREMPENSSAVING.NETASSETPERC.Q,Other funds,Premium Pension,Net assets %,Other funds: Premium Pension Savings: Net assets %,,0.0,,fund-saving-by-category-2024.xlsx,,,,
SIFA_DATA.csv,SIFA_DATA_20250212.xlsx,MISSING,2024-Q3,347,SWEPENFND.OTHERFUND.NOMIEEACC.NETASSETPERC.Q,Other funds,Nominee Accounts,Net assets %,Other funds: Nominee Accounts: Net assets %,,0.110540833423263,,fund-saving-by-category-2024.xlsx,,,,
SIFA_DATA.csv,SIFA_DATA_20250212.xlsx,MISSING,2024-Q3,348,SWEPENFND.OTHERFUND.NONPROFINST.NETASSETPERC.Q,Other funds,Non profit inst.,Net assets %,Other funds: Non profit institutions serving households: Net assets %,,5.75562706932626,,fund-saving-by-category-2024.xlsx,,,,
SIFA_DATA.csv,SIFA_DATA_20250212.xlsx,MISSING,2024-Q3,349,SWEPENFND.OTHERFUND.SWECORP.NETASSETPERC.Q,Other funds,Swedish corporations,Net assets %,Other funds: Swedish corporations: Net assets %,,55.465619785669,,fund-saving-by-category-2024.xlsx,,,,
SIFA_DATA.csv,SIFA_DATA_20250212.xlsx,MISSING,2024-Q3,350,SWEPENFND.OTHERFUND.OTHER.NETASSETPERC.Q,Other funds,Others,Net assets %,Other funds: Others: Net assets %,,7.96803463489044,,fund-saving-by-category-2024.xlsx,,,,
SIFA_DATA.csv,SIFA_DATA_20250212.xlsx,MISSING,2024-Q3,351,SWEPENFND.OTHERFUND.TOTAL.NETASSETPERC.Q,Other funds,TOTAL,Net assets %,Other funds: TOTAL: Net assets %,,100.0,,fund-saving-by-category-2024.xlsx,,,,
SIFA_DATA.csv,SIFA_DATA_20250212.xlsx,MISSING,2025-Q3,20,SWEPENFND.ALLTYPES.OTHERS.NETSAVINGSUM.Q,All types of funds,Others,Net savings sum,All types of funds: Others: Net savings sum,,-732.225321863454,,fund-saving-by-category-2025.xlsx,,,,
SIFA_DATA.csv,SIFA_DATA_20250212.xlsx,MISSING,2025-Q3,21,SWEPENFND.ALLTYPES.TOTAL.NETSAVINGSUM.Q,All types of funds,TOTAL,Net savings sum,All types of funds: TOTAL: Net savings sum,,12888.3084407113,,fund-saving-by-category-2025.xlsx,,,,
SIFA_DATA.csv,SIFA_DATA_20250212.xlsx,MISSING,2025-Q3,22,SWEPENFND.ALLTYPES.SWEHOUSEHOLD.NETSAVINGPERC.Q,All types of funds,Swedish households,Net savings %,"All types of funds: Swedish households, direct inv.: Net savings %",,-960.702042147853,,fund-saving-by-category-2025.xlsx,,,,
SIFA_DATA.csv,SIFA_DATA_20250212.xlsx,MISSING,2025-Q3,23,SWEPENFND.ALLTYPES.ISK.NETSAVINGPERC.Q,All types of funds,ISK,Net savings %,All types of funds: ISK (Investment Savings Account): Net savings %,,16686.64,,fund-saving-by-category-2025.xlsx,,,,
SIFA_DATA.csv,SIFA_DATA_20250212.xlsx,MISSING,2025-Q3,24,SWEPENFND.ALLTYPES.IPS.NETSAVINGPERC.Q,All types of funds,IPS,Net savings %,All types of funds: IPS (Individual Pension Saving): Net savings %,,-10236.24,,fund-saving-by-category-2025.xlsx,,,,
SIFA_DATA.csv,SIFA_DATA_20250212.xlsx,MISSING,2025-Q3,25,SWEPENFND.ALLTYPES.UNITLINK.NETSAVINGPERC.Q,All types of funds,Unit linked,Net savings %,All types of funds: Unit linked: Net savings %,,9765.48384109999,,fund-saving-by-category-2025.xlsx,,,,
SIFA_DATA.csv,SIFA_DATA_20250212.xlsx,MISSING,2025-Q3,26,SWEPENFND.ALLTYPES.PREMPENSSAVING.NETSAVINGPERC.Q,All types of funds,Premium Pension,Net savings %,All types of funds: Premium Pension Savings: Net savings %,,763.54,,fund-saving-by-category-2025.xlsx,,,,
SIFA_DATA.csv,SIFA_DATA_20250212.xlsx,MISSING,2025-Q3,27,SWEPENFND.ALLTYPES.NOMINEEACC.NETSAVINGPERC.Q,All types of funds,Nominee Accounts,Net savings %,All types of funds: Nominee Accounts: Net savings %,,1352.36508219998,,fund-saving-by-category-2025.xlsx,,,,
SIFA_DATA.csv,SIFA_DATA_20250212.xlsx,MISSING,2025-Q3,28,SWEPENFND.ALLTYPES.NONPROFINST.NETSAVINGPERC.Q,All types of funds,Non profit inst.,Net savings %,All types of funds: Non profit institutions serving households: Net savings %,,804.099999999997,,fund-saving-by-category-2025.xlsx,,,,
SIFA_DATA.csv,SIFA_DATA_20250212.xlsx,MISSING,2025-Q3,29,SWEPENFND.ALLTYPES.SWECORP.NETSAVINGPERC.Q,All types of funds,Swedish corporations,Net savings %,All types of funds: Swedish corporations: Net savings %,,30331.27,,fund-saving-by-category-2025.xlsx,,,,
